UPDATE `gameobject` SET `guid`='21001006', `id`='210020', `map`='860', `zoneId`='5736', `areaId`='5834', `spawnMask`='1', `phaseUseFlags`='0', `PhaseId`='0', `PhaseGroup`='0', `terrainSwapMap`='-1', `position_x`='1487.86', `position_y`='3407.09', `position_z`='171.193', `orientation`='2.07694', `rotation0`='0', `rotation1`='0', `rotation2`='0.861628', `rotation3`='0.507539', `spawntimesecs`='10', `animprogress`='255', `state`='1', `isActive`='0', `ScriptName`='', `VerifiedBuild`='20886' WHERE (`guid`='21001006');
UPDATE `gameobject` SET `guid`='21001005', `id`='210020', `map`='860', `zoneId`='5736', `areaId`='5834', `spawnMask`='1', `phaseUseFlags`='0', `PhaseId`='0', `PhaseGroup`='0', `terrainSwapMap`='-1', `position_x`='1487.7', `position_y`='3450.5', `position_z`='171.175', `orientation`='4.20625', `rotation0`='0', `rotation1`='0', `rotation2`='-0.861628', `rotation3`='0.507539', `spawntimesecs`='10', `animprogress`='255', `state`='1', `isActive`='0', `ScriptName`='', `VerifiedBuild`='20886' WHERE (`guid`='21001005');
UPDATE `gameobject` SET `guid`='21001004', `id`='210020', `map`='860', `zoneId`='5736', `areaId`='5834', `spawnMask`='1', `phaseUseFlags`='0', `PhaseId`='0', `PhaseGroup`='0', `terrainSwapMap`='-1', `position_x`='1443.33', `position_y`='3450.59', `position_z`='171.162', `orientation`='4.11898', `rotation0`='0', `rotation1`='0', `rotation2`='-0.882947', `rotation3`='0.469473', `spawntimesecs`='10', `animprogress`='255', `state`='1', `isActive`='0', `ScriptName`='', `VerifiedBuild`='20886' WHERE (`guid`='21001004');
UPDATE `gameobject` SET `guid`='21001003', `id`='210020', `map`='860', `zoneId`='5736', `areaId`='5834', `spawnMask`='1', `phaseUseFlags`='0', `PhaseId`='0', `PhaseGroup`='0', `terrainSwapMap`='-1', `position_x`='1420.94', `position_y`='3457.37', `position_z`='171.185', `orientation`='0.279252', `rotation0`='0', `rotation1`='0', `rotation2`='0.139173', `rotation3`='0.990268', `spawntimesecs`='10', `animprogress`='255', `state`='1', `isActive`='0', `ScriptName`='', `VerifiedBuild`='20886' WHERE (`guid`='21001003');
UPDATE `gameobject` SET `guid`='21001009', `id`='210020', `map`='860', `zoneId`='5736', `areaId`='5834', `spawnMask`='1', `phaseUseFlags`='0', `PhaseId`='0', `PhaseGroup`='0', `terrainSwapMap`='-1', `position_x`='1472.45', `position_y`='3441.16', `position_z`='171.183', `orientation`='4.7822', `rotation0`='0', `rotation1`='0', `rotation2`='-0.681998', `rotation3`='0.731354', `spawntimesecs`='10', `animprogress`='255', `state`='1', `isActive`='0', `ScriptName`='', `VerifiedBuild`='20886' WHERE (`guid`='21001009');
UPDATE `gameobject` SET `guid`='21001008', `id`='210020', `map`='860', `zoneId`='5736', `areaId`='5834', `spawnMask`='1', `phaseUseFlags`='0', `PhaseId`='0', `PhaseGroup`='0', `terrainSwapMap`='-1', `position_x`='1430.43', `position_y`='3429.18', `position_z`='171.14', `orientation`='0.401425', `rotation0`='0', `rotation1`='0', `rotation2`='0.199367', `rotation3`='0.979925', `spawntimesecs`='10', `animprogress`='255', `state`='1', `isActive`='0', `ScriptName`='', `VerifiedBuild`='20886' WHERE (`guid`='21001008');
UPDATE `gameobject` SET `guid`='21001007', `id`='210020', `map`='860', `zoneId`='5736', `areaId`='5834', `spawnMask`='1', `phaseUseFlags`='0', `PhaseId`='0', `PhaseGroup`='0', `terrainSwapMap`='-1', `position_x`='1428.59', `position_y`='3433.96', `position_z`='171.162', `orientation`='0.523598', `rotation0`='0', `rotation1`='0', `rotation2`='0.258819', `rotation3`='0.965926', `spawntimesecs`='10', `animprogress`='255', `state`='1', `isActive`='0', `ScriptName`='', `VerifiedBuild`='20886' WHERE (`guid`='21001007');
UPDATE `gameobject` SET `guid`='21001011', `id`='210020', `map`='860', `zoneId`='5736', `areaId`='5834', `spawnMask`='1', `phaseUseFlags`='0', `PhaseId`='0', `PhaseGroup`='0', `terrainSwapMap`='-1', `position_x`='1495', `position_y`='3412.24', `position_z`='171.231', `orientation`='2.79252', `rotation0`='0', `rotation1`='0', `rotation2`='0.984807', `rotation3`='0.173652', `spawntimesecs`='10', `animprogress`='255', `state`='1', `isActive`='0', `ScriptName`='', `VerifiedBuild`='20886' WHERE (`guid`='21001011');
UPDATE `gameobject` SET `guid`='21001010', `id`='210020', `map`='860', `zoneId`='5736', `areaId`='5834', `spawnMask`='1', `phaseUseFlags`='0', `PhaseId`='0', `PhaseGroup`='0', `terrainSwapMap`='-1', `position_x`='1435.92', `position_y`='3460.55', `position_z`='171.177', `orientation`='3.56047', `rotation0`='0', `rotation1`='0', `rotation2`='-0.978148', `rotation3`='0.207912', `spawntimesecs`='10', `animprogress`='255', `state`='1', `isActive`='0', `ScriptName`='', `VerifiedBuild`='20886' WHERE (`guid`='21001010');
UPDATE `gameobject` SET `guid`='21001012', `id`='210020', `map`='860', `zoneId`='5736', `areaId`='5834', `spawnMask`='1', `phaseUseFlags`='0', `PhaseId`='0', `PhaseGroup`='0', `terrainSwapMap`='-1', `position_x`='1478.45', `position_y`='3398.19', `position_z`='171.242', `orientation`='2.04204', `rotation0`='0', `rotation1`='0', `rotation2`='0.85264', `rotation3`='0.522499', `spawntimesecs`='10', `animprogress`='255', `state`='1', `isActive`='0', `ScriptName`='', `VerifiedBuild`='20886' WHERE (`guid`='21001012');
UPDATE `gameobject_template` SET `entry`='210020', `type`='3', `displayId`='10721', `name`='Weapon Rack', `IconName`='', `castBarCaption`='', `unk1`='', `size`='1', `Data0`='57', `Data1`='210020', `Data2`='0', `Data3`='1', `Data4`='0', `Data5`='0', `Data6`='0', `Data7`='0', `Data8`='0', `Data9`='0', `Data10`='0', `Data11`='0', `Data12`='0', `Data13`='0', `Data14`='0', `Data15`='0', `Data16`='0', `Data17`='0', `Data18`='0', `Data19`='0', `Data20`='0', `Data21`='0', `Data22`='0', `Data23`='0', `Data24`='0', `Data25`='0', `Data26`='0', `Data27`='0', `Data28`='0', `Data29`='0', `Data30`='0', `Data31`='0', `Data32`='0', `RequiredLevel`='0', `AIName`='', `ScriptName`='', `VerifiedBuild`='20886' WHERE (`entry`='210020');
INSERT INTO `gameobject_loot_template` VALUES (210020, 77279, 0, 100, 1, 1, 0, 1, 1, '');
INSERT INTO `gameobject_loot_template` VALUES (210020, 77278, 0, 100, 1, 1, 0, 1, 1, '');
INSERT INTO `gameobject_loot_template` VALUES (210020, 76390, 0, 100, 1, 1, 0, 1, 1, '');
INSERT INTO `gameobject_loot_template` VALUES (210020, 76392, 0, 100, 1, 1, 0, 1, 1, '');
INSERT INTO `gameobject_loot_template` VALUES (210020, 73212, 0, 100, 1, 1, 0, 1, 1, '');
INSERT INTO `gameobject_loot_template` VALUES (210020, 73208, 0, 100, 1, 1, 0, 1, 1, '');
INSERT INTO `gameobject_loot_template` VALUES (210020, 73207, 0, 100, 1, 1, 0, 1, 1, '');
INSERT INTO `gameobject_loot_template` VALUES (210020, 76393, 0, 100, 1, 1, 0, 1, 1, '');
INSERT INTO `gameobject_loot_template` VALUES (210020, 76391, 0, 100, 1, 1, 0, 1, 1, '');
INSERT INTO `gameobject_loot_template` VALUES (210020, 73213, 0, 100, 1, 1, 0, 1, 1, '');

---fix quest 38147
DELETE FROM creature_queststarter WHERE quest IN (38147);
DELETE FROM creature WHERE guid IN (20534480);

INSERT INTO `creature_queststarter` (`id`, `quest`) VALUES ('91223', '3814700');
INSERT INTO `creature_questender` (`id`, `quest`) VALUES ('91223', '3814700');
INSERT INTO `quest_template_locale` (`ID`, `locale`, `LogTitle`, `LogDescription`, `QuestDescription`, `AreaDescription`, `PortraitGiverText`, `PortraitGiverName`, `PortraitTurnInText`, `PortraitTurnInName`, `QuestCompletionLog`, `VerifiedBuild`) VALUES ('3814700', 'ruRU', 'Заблудшие во сне', 'Убейте Морфаэля.', 'Я ощущаю присутствие могучей волшебной силы в самой глубине обители.$B$BСоздание, что затаилось там, поддерживает заклинание, которое не дает нам выбраться из ловушки сна.$B$BЯ все еще слишком слаба, но тебе наверняка хватит сил одолеть этого врага, $gгерой:воительница;. Я понимаю, почему Малфурион тебе доверяет.$B$BСтупай же и ликвидируй источник этой магии.', NULL, NULL, NULL, NULL, NULL, NULL, '0');
INSERT INTO `quest_template` (`ID`, `QuestType`, `QuestLevel`, `MaxScalingLevel`, `QuestPackageID`, `MinLevel`, `QuestSortID`, `QuestInfoID`, `SuggestedGroupNum`, `RewardNextQuest`, `RewardXPDifficulty`, `RewardXPMultiplier`, `RewardMoney`, `RewardMoneyDifficulty`, `RewardMoneyMultiplier`, `RewardBonusMoney`, `RewardDisplaySpell1`, `RewardDisplaySpell2`, `RewardDisplaySpell3`, `RewardSpell`, `RewardHonor`, `RewardKillHonor`, `StartItem`, `RewardArtifactXPDifficulty`, `RewardArtifactXPMultiplier`, `RewardArtifactCategoryID`, `Flags`, `FlagsEx`, `RewardItem1`, `RewardAmount1`, `RewardItem2`, `RewardAmount2`, `RewardItem3`, `RewardAmount3`, `RewardItem4`, `RewardAmount4`, `ItemDrop1`, `ItemDropQuantity1`, `ItemDrop2`, `ItemDropQuantity2`, `ItemDrop3`, `ItemDropQuantity3`, `ItemDrop4`, `ItemDropQuantity4`, `RewardChoiceItemID1`, `RewardChoiceItemQuantity1`, `RewardChoiceItemDisplayID1`, `RewardChoiceItemID2`, `RewardChoiceItemQuantity2`, `RewardChoiceItemDisplayID2`, `RewardChoiceItemID3`, `RewardChoiceItemQuantity3`, `RewardChoiceItemDisplayID3`, `RewardChoiceItemID4`, `RewardChoiceItemQuantity4`, `RewardChoiceItemDisplayID4`, `RewardChoiceItemID5`, `RewardChoiceItemQuantity5`, `RewardChoiceItemDisplayID5`, `RewardChoiceItemID6`, `RewardChoiceItemQuantity6`, `RewardChoiceItemDisplayID6`, `POIContinent`, `POIx`, `POIy`, `POIPriority`, `RewardTitle`, `RewardArenaPoints`, `RewardSkillLineID`, `RewardNumSkillUps`, `PortraitGiver`, `PortraitTurnIn`, `RewardFactionID1`, `RewardFactionValue1`, `RewardFactionOverride1`, `RewardFactionCapIn1`, `RewardFactionID2`, `RewardFactionValue2`, `RewardFactionOverride2`, `RewardFactionCapIn2`, `RewardFactionID3`, `RewardFactionValue3`, `RewardFactionOverride3`, `RewardFactionCapIn3`, `RewardFactionID4`, `RewardFactionValue4`, `RewardFactionOverride4`, `RewardFactionCapIn4`, `RewardFactionID5`, `RewardFactionValue5`, `RewardFactionOverride5`, `RewardFactionCapIn5`, `RewardFactionFlags`, `RewardCurrencyID1`, `RewardCurrencyQty1`, `RewardCurrencyID2`, `RewardCurrencyQty2`, `RewardCurrencyID3`, `RewardCurrencyQty3`, `RewardCurrencyID4`, `RewardCurrencyQty4`, `AcceptedSoundKitID`, `CompleteSoundKitID`, `AreaGroupID`, `TimeAllowed`, `AllowableRaces`, `QuestRewardID`, `Expansion`, `LogTitle`, `LogDescription`, `QuestDescription`, `AreaDescription`, `PortraitGiverText`, `PortraitGiverName`, `PortraitTurnInText`, `PortraitTurnInName`, `QuestCompletionLog`, `VerifiedBuild`) VALUES ('3814700', '2', '-1', '255', '661', '98', '0', '0', '0', '0', '5', '1', '50', '5', '1', '150', '0', '0', '0', '0', '0', '0', '0', '0', '1', '0', '1', '0', '0', '0', '0', '0', '0', '0', '0', '0', '0', '0', '0', '0', '0', '0', '0', '0', '0', '0', '0', '0', '0', '0', '0', '0', '0', '0', '0', '0', '0', '0', '0', '0', '0', '0', '0', '0', '0', '0', '0', '0', '0', '0', '0', '0', '1883', '5', '0', '7', '0', '0', '0', '7', '0', '0', '0', '7', '0', '0', '0', '7', '0', '0', '0', '7', '0', '0', '0', '0', '0', '0', '0', '0', '0', '890', '878', '0', '0', '18446744073709551615', '0', '6', 'Entangled Dreams', 'Kill Morphael.', 'I sense powerful magic emanating from deep within the barrow.$B$BWhatever is down there weaves a powerful spell, entangling us within our dreams.$B$BI am still too weak, but your skills are quite impressive, hero. I can see why Malfurion puts his trust in you.$B$BGo and eliminate the source of this magic.', NULL, NULL, NULL, NULL, NULL, NULL, '0');
INSERT INTO `quest_objectives` (`ID`, `QuestID`, `Type`, `Order`, `StorageIndex`, `ObjectID`, `Amount`, `Flags`, `Flags2`, `ProgressBarWeight`, `Description`, `VerifiedBuild`) VALUES ('277536', '3814700', '0', '0', '1', '91045', '1', '0', '0', '0', '', '0');
INSERT INTO `quest_objectives` (`ID`, `QuestID`, `Type`, `Order`, `StorageIndex`, `ObjectID`, `Amount`, `Flags`, `Flags2`, `ProgressBarWeight`, `Description`, `VerifiedBuild`) VALUES ('280418', '3814700', '0', '0', '2', '99032', '1', '0', '0', '0', '', '0');
UPDATE `smart_scripts` SET `entryorguid`='242279', `source_type`='1', `id`='0', `link`='0', `event_type`='70', `event_phase_mask`='0', `event_chance`='100', `event_flags`='0', `event_param1`='2', `event_param2`='0', `event_param3`='0', `event_param4`='0', `event_param_string`='', `action_type`='85', `action_param1`='189696', `action_param2`='0', `action_param3`='0', `action_param4`='0', `action_param5`='0', `action_param6`='0', `target_type`='7', `target_param1`='0', `target_param2`='0', `target_param3`='0', `target_x`='0', `target_y`='0', `target_z`='0', `target_o`='0', `comment`='' WHERE (`entryorguid`='242279') AND (`source_type`='1') AND (`id`='0') AND (`link`='0');
UPDATE `gameobject_template` SET `entry`='242279', `type`='0', `displayId`='32889', `name`='', `IconName`='', `castBarCaption`='', `unk1`='', `size`='1.5', `Data0`='0', `Data1`='0', `Data2`='5000', `Data3`='0', `Data4`='0', `Data5`='0', `Data6`='0', `Data7`='0', `Data8`='0', `Data9`='0', `Data10`='0', `Data11`='0', `Data12`='0', `Data13`='0', `Data14`='0', `Data15`='0', `Data16`='0', `Data17`='0', `Data18`='0', `Data19`='0', `Data20`='0', `Data21`='0', `Data22`='0', `Data23`='0', `Data24`='0', `Data25`='0', `Data26`='0', `Data27`='0', `Data28`='0', `Data29`='0', `Data30`='0', `Data31`='0', `Data32`='0', `RequiredLevel`='0', `AIName`='SmartGameObjectAI', `ScriptName`='', `VerifiedBuild`='22810' WHERE (`entry`='242279');
UPDATE `creature_template` SET `entry`='59113', `difficulty_entry_1`='0', `difficulty_entry_2`='0', `difficulty_entry_3`='0', `KillCredit1`='0', `KillCredit2`='0', `modelid1`='20570', `modelid2`='11686', `modelid3`='0', `modelid4`='0', `name`='Generic Bunny', `femaleName`='', `subname`='', `TitleAlt`=NULL, `IconName`=NULL, `gossip_menu_id`='0', `minlevel`='85', `maxlevel`='85', `HealthScalingExpansion`='4', `RequiredExpansion`='0', `VignetteID`='0', `faction`='35', `npcflag`='0', `speed_walk`='1', `speed_run`='1.14286', `scale`='1', `rank`='0', `dmgschool`='0', `BaseAttackTime`='2000', `RangeAttackTime`='2000', `BaseVariance`='1', `RangeVariance`='1', `unit_class`='1', `unit_flags`='33587968', `unit_flags2`='2099200', `unit_flags3`='0', `dynamicflags`='0', `family`='0', `trainer_type`='0', `trainer_class`='0', `trainer_race`='0', `type`='10', `type_flags`='1024', `type_flags2`='0', `lootid`='0', `pickpocketloot`='0', `skinloot`='0', `resistance1`='0', `resistance2`='0', `resistance3`='0', `resistance4`='0', `resistance5`='0', `resistance6`='0', `spell1`='0', `spell2`='0', `spell3`='0', `spell4`='0', `spell5`='0', `spell6`='0', `spell7`='0', `spell8`='0', `VehicleId`='0', `mingold`='0', `maxgold`='0', `AIName`='SmartAI', `MovementType`='0', `InhabitType`='2', `HoverHeight`='1', `HealthModifier`='1', `HealthModifierExtra`='1', `ManaModifier`='1', `ManaModifierExtra`='1', `ArmorModifier`='1', `DamageModifier`='1', `ExperienceModifier`='1', `RacialLeader`='0', `movementId`='0', `RegenHealth`='1', `mechanic_immune_mask`='0', `flags_extra`='128', `ScriptName`='', `VerifiedBuild`='25996' WHERE (`entry`='59113');
UPDATE `creature_template` SET `entry`='93680', `difficulty_entry_1`='0', `difficulty_entry_2`='0', `difficulty_entry_3`='0', `KillCredit1`='0', `KillCredit2`='0', `modelid1`='43756', `modelid2`='43758', `modelid3`='43759', `modelid4`='0', `name`='Druid of the Claw', `femaleName`='', `subname`='', `TitleAlt`=NULL, `IconName`=NULL, `gossip_menu_id`='0', `minlevel`='100', `maxlevel`='100', `HealthScalingExpansion`='6', `RequiredExpansion`='0', `VignetteID`='0', `faction`='1770', `npcflag`='0', `speed_walk`='1', `speed_run`='0.992063', `scale`='1', `rank`='0', `dmgschool`='0', `BaseAttackTime`='2000', `RangeAttackTime`='2000', `BaseVariance`='1', `RangeVariance`='1', `unit_class`='1', `unit_flags`='32768', `unit_flags2`='0', `unit_flags3`='0', `dynamicflags`='0', `family`='0', `trainer_type`='0', `trainer_class`='0', `trainer_race`='0', `type`='1', `type_flags`='0', `type_flags2`='0', `lootid`='0', `pickpocketloot`='0', `skinloot`='0', `resistance1`='0', `resistance2`='0', `resistance3`='0', `resistance4`='0', `resistance5`='0', `resistance6`='0', `spell1`='0', `spell2`='0', `spell3`='0', `spell4`='0', `spell5`='0', `spell6`='0', `spell7`='0', `spell8`='0', `VehicleId`='0', `mingold`='0', `maxgold`='0', `AIName`='', `MovementType`='0', `InhabitType`='4', `HoverHeight`='1', `HealthModifier`='1', `HealthModifierExtra`='1', `ManaModifier`='1', `ManaModifierExtra`='1', `ArmorModifier`='1', `DamageModifier`='1', `ExperienceModifier`='1', `RacialLeader`='0', `movementId`='0', `RegenHealth`='1', `mechanic_immune_mask`='0', `flags_extra`='128', `ScriptName`='', `VerifiedBuild`='25549' WHERE (`entry`='93680');
UPDATE `quest_poi_points` SET `QuestID`='3814700', `Idx1`='2', `Idx2`='0', `X`='1729', `Y`='6832', `VerifiedBuild`='22908' WHERE (`QuestID`='3814700') AND (`Idx1`='2') AND (`Idx2`='0');
UPDATE `quest_poi_points` SET `QuestID`='3814700', `Idx1`='1', `Idx2`='0', `X`='1633', `Y`='6876', `VerifiedBuild`='22908' WHERE (`QuestID`='3814700') AND (`Idx1`='1') AND (`Idx2`='0');
UPDATE `quest_poi_points` SET `QuestID`='3814700', `Idx1`='0', `Idx2`='0', `X`='1965', `Y`='6911', `VerifiedBuild`='22908' WHERE (`QuestID`='3814700') AND (`Idx1`='0') AND (`Idx2`='0');
UPDATE `quest_poi` SET `QuestID`='3814700', `BlobIndex`='0', `Idx1`='2', `ObjectiveIndex`='32', `QuestObjectiveID`='0', `QuestObjectID`='0', `MapID`='1220', `WorldMapAreaId`='1018', `Floor`='0', `Priority`='0', `Flags`='0', `WorldEffectID`='0', `PlayerConditionID`='0', `WoDUnk1`='1000866', `AlwaysAllowMergingBlobs`='0', `VerifiedBuild`='22908' WHERE (`QuestID`='3814700') AND (`BlobIndex`='0') AND (`Idx1`='2');
UPDATE `quest_poi` SET `QuestID`='3814700', `BlobIndex`='0', `Idx1`='1', `ObjectiveIndex`='1', `QuestObjectiveID`='277536', `QuestObjectID`='91045', `MapID`='1220', `WorldMapAreaId`='1018', `Floor`='0', `Priority`='0', `Flags`='0', `WorldEffectID`='0', `PlayerConditionID`='0', `WoDUnk1`='999818', `AlwaysAllowMergingBlobs`='0', `VerifiedBuild`='22908' WHERE (`QuestID`='3814700') AND (`BlobIndex`='0') AND (`Idx1`='1');
UPDATE `quest_poi` SET `QuestID`='3814700', `BlobIndex`='0', `Idx1`='0', `ObjectiveIndex`='-1', `QuestObjectiveID`='0', `QuestObjectID`='0', `MapID`='1220', `WorldMapAreaId`='1018', `Floor`='0', `Priority`='0', `Flags`='0', `WorldEffectID`='0', `PlayerConditionID`='0', `WoDUnk1`='1001497', `AlwaysAllowMergingBlobs`='0', `VerifiedBuild`='22908' WHERE (`QuestID`='3814700') AND (`BlobIndex`='0') AND (`Idx1`='0');
UPDATE `creature` SET `guid`='20534482', `id`='91045', `map`='1220', `zoneId`='0', `areaId`='0', `spawnMask`='1', `phaseUseFlags`='0', `PhaseId`='0', `PhaseGroup`='0', `terrainSwapMap`='-1', `modelid`='0', `equipment_id`='0', `position_x`='1631.55', `position_y`='6877.03', `position_z`='-21.2539', `orientation`='5.57239', `spawntimesecs`='300', `spawndist`='0', `currentwaypoint`='0', `curhealth`='0', `curmana`='0', `MovementType`='0', `npcflag`='0', `unit_flags`='0', `unit_flags2`='0', `unit_flags3`='0', `dynamicflags`='0', `ScriptName`='', `VerifiedBuild`='22810' WHERE (`guid`='20534482');

---fix quest 38145
INSERT INTO `creature_template_locale` (`entry`, `locale`, `Name`, `NameAlt`, `Title`, `TitleAlt`, `VerifiedBuild`) VALUES ('999991', 'ruRU', 'Друид-медведь', NULL, NULL, NULL, '0');
INSERT INTO `smart_scripts` (`entryorguid`, `source_type`, `id`, `link`, `event_type`, `event_phase_mask`, `event_chance`, `event_flags`, `event_param1`, `event_param2`, `event_param3`, `event_param4`, `event_param_string`, `action_type`, `action_param1`, `action_param2`, `action_param3`, `action_param4`, `action_param5`, `action_param6`, `target_type`, `target_param1`, `target_param2`, `target_param3`, `target_x`, `target_y`, `target_z`, `target_o`, `comment`) VALUES ('91043', '0', '0', '0', '64', '0', '100', '0', '0', '0', '0', '0', '', '33', '999991', '0', '0', '0', '0', '0', '7', '0', '0', '0', '0', '0', '0', '0', 'Kill credit quest 38145');
INSERT INTO `smart_scripts` (`entryorguid`, `source_type`, `id`, `link`, `event_type`, `event_phase_mask`, `event_chance`, `event_flags`, `event_param1`, `event_param2`, `event_param3`, `event_param4`, `event_param_string`, `action_type`, `action_param1`, `action_param2`, `action_param3`, `action_param4`, `action_param5`, `action_param6`, `target_type`, `target_param1`, `target_param2`, `target_param3`, `target_x`, `target_y`, `target_z`, `target_o`, `comment`) VALUES ('91043', '0', '2', '0', '64', '0', '100', '0', '0', '0', '0', '0', '', '41', '1', '60', '0', '0', '0', '0', '1', '0', '0', '0', '0', '0', '0', '0', 'Despawn 60 sec');
INSERT INTO `smart_scripts` (`entryorguid`, `source_type`, `id`, `link`, `event_type`, `event_phase_mask`, `event_chance`, `event_flags`, `event_param1`, `event_param2`, `event_param3`, `event_param4`, `event_param_string`, `action_type`, `action_param1`, `action_param2`, `action_param3`, `action_param4`, `action_param5`, `action_param6`, `target_type`, `target_param1`, `target_param2`, `target_param3`, `target_x`, `target_y`, `target_z`, `target_o`, `comment`) VALUES ('91043', '0', '1', '0', '64', '0', '100', '0', '0', '0', '0', '0', '', '85', '180935', '0', '0', '0', '0', '0', '7', '0', '0', '0', '0', '0', '0', '0', 'Cast comp spell');
UPDATE `creature_template` SET `entry`='91043', `difficulty_entry_1`='0', `difficulty_entry_2`='0', `difficulty_entry_3`='0', `KillCredit1`='999991', `KillCredit2`='0', `modelid1`='43756', `modelid2`='43757', `modelid3`='43758', `modelid4`='43759', `name`='Druid of the Claw', `femaleName`='', `subname`='', `TitleAlt`=NULL, `IconName`='questinteract', `gossip_menu_id`='0', `minlevel`='98', `maxlevel`='110', `HealthScalingExpansion`='6', `RequiredExpansion`='0', `VignetteID`='0', `faction`='35', `npcflag`='1', `speed_walk`='1', `speed_run`='0.992063', `scale`='1', `rank`='0', `dmgschool`='0', `BaseAttackTime`='2000', `RangeAttackTime`='2000', `BaseVariance`='1', `RangeVariance`='1', `unit_class`='1', `unit_flags`='33280', `unit_flags2`='2048', `unit_flags3`='0', `dynamicflags`='0', `family`='0', `trainer_type`='0', `trainer_class`='0', `trainer_race`='0', `type`='7', `type_flags`='0', `type_flags2`='0', `lootid`='0', `pickpocketloot`='0', `skinloot`='0', `resistance1`='0', `resistance2`='0', `resistance3`='0', `resistance4`='0', `resistance5`='0', `resistance6`='0', `spell1`='0', `spell2`='0', `spell3`='0', `spell4`='0', `spell5`='0', `spell6`='0', `spell7`='0', `spell8`='0', `VehicleId`='0', `mingold`='0', `maxgold`='0', `AIName`='SmartAI', `MovementType`='0', `InhabitType`='2', `HoverHeight`='1', `HealthModifier`='1', `HealthModifierExtra`='1', `ManaModifier`='1', `ManaModifierExtra`='1', `ArmorModifier`='1', `DamageModifier`='1', `ExperienceModifier`='1', `RacialLeader`='0', `movementId`='0', `RegenHealth`='1', `mechanic_immune_mask`='0', `flags_extra`='0', `ScriptName`='', `VerifiedBuild`='25549' WHERE (`entry`='91043');
INSERT INTO `creature_template` (`entry`, `difficulty_entry_1`, `difficulty_entry_2`, `difficulty_entry_3`, `KillCredit1`, `KillCredit2`, `modelid1`, `modelid2`, `modelid3`, `modelid4`, `name`, `femaleName`, `subname`, `TitleAlt`, `IconName`, `gossip_menu_id`, `minlevel`, `maxlevel`, `HealthScalingExpansion`, `RequiredExpansion`, `VignetteID`, `faction`, `npcflag`, `speed_walk`, `speed_run`, `scale`, `rank`, `dmgschool`, `BaseAttackTime`, `RangeAttackTime`, `BaseVariance`, `RangeVariance`, `unit_class`, `unit_flags`, `unit_flags2`, `unit_flags3`, `dynamicflags`, `family`, `trainer_type`, `trainer_class`, `trainer_race`, `type`, `type_flags`, `type_flags2`, `lootid`, `pickpocketloot`, `skinloot`, `resistance1`, `resistance2`, `resistance3`, `resistance4`, `resistance5`, `resistance6`, `spell1`, `spell2`, `spell3`, `spell4`, `spell5`, `spell6`, `spell7`, `spell8`, `VehicleId`, `mingold`, `maxgold`, `AIName`, `MovementType`, `InhabitType`, `HoverHeight`, `HealthModifier`, `HealthModifierExtra`, `ManaModifier`, `ManaModifierExtra`, `ArmorModifier`, `DamageModifier`, `ExperienceModifier`, `RacialLeader`, `movementId`, `RegenHealth`, `mechanic_immune_mask`, `flags_extra`, `ScriptName`, `VerifiedBuild`) VALUES ('999991', '0', '0', '0', '0', '0', '15880', '0', '0', '0', 'Druid of the Claw', NULL, NULL, NULL, NULL, '0', '1', '1', '0', '0', '0', '35', '0', '1', '1.14286', '1', '0', '0', '0', '0', '1', '1', '1', '0', '0', '0', '0', '0', '0', '0', '0', '0', '0', '0', '0', '0', '0', '0', '0', '0', '0', '0', '0', '0', '0', '0', '0', '0', '0', '0', '0', '0', '0', '0', '', '0', '3', '1', '1', '1', '1', '1', '1', '1', '1', '0', '0', '1', '0', '0', '', '0');
UPDATE `quest_objectives` SET `ID`='277544', `QuestID`='38145', `Type`='0', `Order`='0', `StorageIndex`='0', `ObjectID`='999991', `Amount`='8', `Flags`='0', `Flags2`='0', `ProgressBarWeight`='0', `Description`='Druids of the Claw awakened', `VerifiedBuild`='25996' WHERE (`ID`='277544');

---fix quest 39272
UPDATE `quest_objectives` SET `ID`='280577', `QuestID`='39272', `Type`='0', `Order`='4', `StorageIndex`='4', `ObjectID`='99436', `Amount`='1', `Flags`='28', `Flags2`='0', `ProgressBarWeight`='0', `Description`='', `VerifiedBuild`='25996' WHERE (`ID`='280577');
UPDATE `quest_objectives` SET `ID`='280576', `QuestID`='39272', `Type`='0', `Order`='3', `StorageIndex`='3', `ObjectID`='99435', `Amount`='1', `Flags`='28', `Flags2`='0', `ProgressBarWeight`='0', `Description`='', `VerifiedBuild`='25996' WHERE (`ID`='280576');
UPDATE `quest_objectives` SET `ID`='280575', `QuestID`='39272', `Type`='0', `Order`='2', `StorageIndex`='2', `ObjectID`='99434', `Amount`='1', `Flags`='28', `Flags2`='0', `ProgressBarWeight`='0', `Description`='', `VerifiedBuild`='25996' WHERE (`ID`='280575');
UPDATE `quest_objectives` SET `ID`='280574', `QuestID`='39272', `Type`='0', `Order`='1', `StorageIndex`='1', `ObjectID`='94965', `Amount`='1', `Flags`='28', `Flags2`='0', `ProgressBarWeight`='0', `Description`='', `VerifiedBuild`='25996' WHERE (`ID`='280574');
UPDATE `quest_objectives` SET `ID`='279142', `QuestID`='39272', `Type`='0', `Order`='0', `StorageIndex`='0', `ObjectID`='94965', `Amount`='4', `Flags`='0', `Flags2`='0', `ProgressBarWeight`='0', `Description`='Poison Idol destroyed', `VerifiedBuild`='25996' WHERE (`ID`='279142');

UPDATE `creature_template` SET `entry`='99433', `difficulty_entry_1`='0', `difficulty_entry_2`='0', `difficulty_entry_3`='0', `KillCredit1`='94965', `KillCredit2`='0', `modelid1`='64690', `modelid2`='0', `modelid3`='0', `modelid4`='0', `name`='Poison Idol', `femaleName`='', `subname`='', `TitleAlt`=NULL, `IconName`='questinteract', `gossip_menu_id`='0', `minlevel`='98', `maxlevel`='110', `HealthScalingExpansion`='6', `RequiredExpansion`='0', `VignetteID`='0', `faction`='35', `npcflag`='1', `speed_walk`='1', `speed_run`='1', `scale`='1', `rank`='0', `dmgschool`='0', `BaseAttackTime`='2000', `RangeAttackTime`='2000', `BaseVariance`='1', `RangeVariance`='1', `unit_class`='1', `unit_flags`='0', `unit_flags2`='0', `unit_flags3`='0', `dynamicflags`='0', `family`='0', `trainer_type`='0', `trainer_class`='0', `trainer_race`='0', `type`='10', `type_flags`='0', `type_flags2`='6', `lootid`='0', `pickpocketloot`='0', `skinloot`='0', `resistance1`='0', `resistance2`='0', `resistance3`='0', `resistance4`='0', `resistance5`='0', `resistance6`='0', `spell1`='0', `spell2`='0', `spell3`='0', `spell4`='0', `spell5`='0', `spell6`='0', `spell7`='0', `spell8`='0', `VehicleId`='0', `mingold`='0', `maxgold`='0', `AIName`='SmartAI', `MovementType`='0', `InhabitType`='3', `HoverHeight`='1', `HealthModifier`='1', `HealthModifierExtra`='1', `ManaModifier`='1', `ManaModifierExtra`='1', `ArmorModifier`='1', `DamageModifier`='1', `ExperienceModifier`='1', `RacialLeader`='0', `movementId`='0', `RegenHealth`='1', `mechanic_immune_mask`='0', `flags_extra`='0', `ScriptName`='', `VerifiedBuild`='25549' WHERE (`entry`='99433');
UPDATE `creature_template` SET `entry`='99434', `difficulty_entry_1`='0', `difficulty_entry_2`='0', `difficulty_entry_3`='0', `KillCredit1`='94965', `KillCredit2`='0', `modelid1`='64690', `modelid2`='0', `modelid3`='0', `modelid4`='0', `name`='Poison Idol', `femaleName`='', `subname`='', `TitleAlt`=NULL, `IconName`='questinteract', `gossip_menu_id`='0', `minlevel`='98', `maxlevel`='110', `HealthScalingExpansion`='6', `RequiredExpansion`='0', `VignetteID`='0', `faction`='35', `npcflag`='1', `speed_walk`='1', `speed_run`='1', `scale`='1', `rank`='0', `dmgschool`='0', `BaseAttackTime`='2000', `RangeAttackTime`='2000', `BaseVariance`='1', `RangeVariance`='1', `unit_class`='1', `unit_flags`='0', `unit_flags2`='0', `unit_flags3`='0', `dynamicflags`='0', `family`='0', `trainer_type`='0', `trainer_class`='0', `trainer_race`='0', `type`='10', `type_flags`='0', `type_flags2`='6', `lootid`='0', `pickpocketloot`='0', `skinloot`='0', `resistance1`='0', `resistance2`='0', `resistance3`='0', `resistance4`='0', `resistance5`='0', `resistance6`='0', `spell1`='0', `spell2`='0', `spell3`='0', `spell4`='0', `spell5`='0', `spell6`='0', `spell7`='0', `spell8`='0', `VehicleId`='0', `mingold`='0', `maxgold`='0', `AIName`='SmartAI', `MovementType`='0', `InhabitType`='3', `HoverHeight`='1', `HealthModifier`='1', `HealthModifierExtra`='1', `ManaModifier`='1', `ManaModifierExtra`='1', `ArmorModifier`='1', `DamageModifier`='1', `ExperienceModifier`='1', `RacialLeader`='0', `movementId`='0', `RegenHealth`='1', `mechanic_immune_mask`='0', `flags_extra`='0', `ScriptName`='', `VerifiedBuild`='25549' WHERE (`entry`='99434');
UPDATE `creature_template` SET `entry`='99435', `difficulty_entry_1`='0', `difficulty_entry_2`='0', `difficulty_entry_3`='0', `KillCredit1`='94965', `KillCredit2`='0', `modelid1`='64690', `modelid2`='0', `modelid3`='0', `modelid4`='0', `name`='Poison Idol', `femaleName`='', `subname`='', `TitleAlt`=NULL, `IconName`='questinteract', `gossip_menu_id`='0', `minlevel`='98', `maxlevel`='110', `HealthScalingExpansion`='6', `RequiredExpansion`='0', `VignetteID`='0', `faction`='35', `npcflag`='1', `speed_walk`='1', `speed_run`='1', `scale`='1', `rank`='0', `dmgschool`='0', `BaseAttackTime`='2000', `RangeAttackTime`='2000', `BaseVariance`='1', `RangeVariance`='1', `unit_class`='1', `unit_flags`='0', `unit_flags2`='0', `unit_flags3`='0', `dynamicflags`='0', `family`='0', `trainer_type`='0', `trainer_class`='0', `trainer_race`='0', `type`='10', `type_flags`='0', `type_flags2`='6', `lootid`='0', `pickpocketloot`='0', `skinloot`='0', `resistance1`='0', `resistance2`='0', `resistance3`='0', `resistance4`='0', `resistance5`='0', `resistance6`='0', `spell1`='0', `spell2`='0', `spell3`='0', `spell4`='0', `spell5`='0', `spell6`='0', `spell7`='0', `spell8`='0', `VehicleId`='0', `mingold`='0', `maxgold`='0', `AIName`='SmartAI', `MovementType`='0', `InhabitType`='3', `HoverHeight`='1', `HealthModifier`='1', `HealthModifierExtra`='1', `ManaModifier`='1', `ManaModifierExtra`='1', `ArmorModifier`='1', `DamageModifier`='1', `ExperienceModifier`='1', `RacialLeader`='0', `movementId`='0', `RegenHealth`='1', `mechanic_immune_mask`='0', `flags_extra`='0', `ScriptName`='', `VerifiedBuild`='25549' WHERE (`entry`='99435');
UPDATE `creature_template` SET `entry`='99436', `difficulty_entry_1`='0', `difficulty_entry_2`='0', `difficulty_entry_3`='0', `KillCredit1`='94965', `KillCredit2`='0', `modelid1`='64690', `modelid2`='0', `modelid3`='0', `modelid4`='0', `name`='Poison Idol', `femaleName`='', `subname`='', `TitleAlt`=NULL, `IconName`='questinteract', `gossip_menu_id`='0', `minlevel`='98', `maxlevel`='110', `HealthScalingExpansion`='6', `RequiredExpansion`='0', `VignetteID`='0', `faction`='35', `npcflag`='1', `speed_walk`='1', `speed_run`='1', `scale`='1', `rank`='0', `dmgschool`='0', `BaseAttackTime`='2000', `RangeAttackTime`='2000', `BaseVariance`='1', `RangeVariance`='1', `unit_class`='1', `unit_flags`='0', `unit_flags2`='0', `unit_flags3`='0', `dynamicflags`='0', `family`='0', `trainer_type`='0', `trainer_class`='0', `trainer_race`='0', `type`='10', `type_flags`='0', `type_flags2`='6', `lootid`='0', `pickpocketloot`='0', `skinloot`='0', `resistance1`='0', `resistance2`='0', `resistance3`='0', `resistance4`='0', `resistance5`='0', `resistance6`='0', `spell1`='0', `spell2`='0', `spell3`='0', `spell4`='0', `spell5`='0', `spell6`='0', `spell7`='0', `spell8`='0', `VehicleId`='0', `mingold`='0', `maxgold`='0', `AIName`='SmartAI', `MovementType`='0', `InhabitType`='3', `HoverHeight`='1', `HealthModifier`='1', `HealthModifierExtra`='1', `ManaModifier`='1', `ManaModifierExtra`='1', `ArmorModifier`='1', `DamageModifier`='1', `ExperienceModifier`='1', `RacialLeader`='0', `movementId`='0', `RegenHealth`='1', `mechanic_immune_mask`='0', `flags_extra`='0', `ScriptName`='', `VerifiedBuild`='25549' WHERE (`entry`='99436');
UPDATE `creature_template` SET `entry`='94965', `difficulty_entry_1`='0', `difficulty_entry_2`='0', `difficulty_entry_3`='0', `KillCredit1`='0', `KillCredit2`='0', `modelid1`='64690', `modelid2`='0', `modelid3`='0', `modelid4`='0', `name`='Poison Idol', `femaleName`='', `subname`='', `TitleAlt`=NULL, `IconName`='questinteract', `gossip_menu_id`='0', `minlevel`='1', `maxlevel`='1', `HealthScalingExpansion`='6', `RequiredExpansion`='0', `VignetteID`='0', `faction`='35', `npcflag`='0', `speed_walk`='1', `speed_run`='1.14286', `scale`='1', `rank`='0', `dmgschool`='0', `BaseAttackTime`='0', `RangeAttackTime`='0', `BaseVariance`='1', `RangeVariance`='1', `unit_class`='1', `unit_flags`='0', `unit_flags2`='0', `unit_flags3`='0', `dynamicflags`='0', `family`='0', `trainer_type`='0', `trainer_class`='0', `trainer_race`='0', `type`='10', `type_flags`='1611661328', `type_flags2`='6', `lootid`='0', `pickpocketloot`='0', `skinloot`='0', `resistance1`='0', `resistance2`='0', `resistance3`='0', `resistance4`='0', `resistance5`='0', `resistance6`='0', `spell1`='0', `spell2`='0', `spell3`='0', `spell4`='0', `spell5`='0', `spell6`='0', `spell7`='0', `spell8`='0', `VehicleId`='0', `mingold`='0', `maxgold`='0', `AIName`='', `MovementType`='0', `InhabitType`='3', `HoverHeight`='1', `HealthModifier`='1', `HealthModifierExtra`='1', `ManaModifier`='1', `ManaModifierExtra`='1', `ArmorModifier`='1', `DamageModifier`='1', `ExperienceModifier`='1', `RacialLeader`='0', `movementId`='0', `RegenHealth`='1', `mechanic_immune_mask`='0', `flags_extra`='0', `ScriptName`='', `VerifiedBuild`='25549' WHERE (`entry`='94965');

INSERT INTO `smart_scripts` (`entryorguid`, `source_type`, `id`, `link`, `event_type`, `event_phase_mask`, `event_chance`, `event_flags`, `event_param1`, `event_param2`, `event_param3`, `event_param4`, `event_param_string`, `action_type`, `action_param1`, `action_param2`, `action_param3`, `action_param4`, `action_param5`, `action_param6`, `target_type`, `target_param1`, `target_param2`, `target_param3`, `target_x`, `target_y`, `target_z`, `target_o`, `comment`) VALUES ('99433', '0', '0', '0', '64', '0', '100', '0', '0', '0', '0', '0', '', '33', '94965', '0', '0', '0', '0', '0', '7', '0', '0', '0', '0', '0', '0', '0', 'Kill credit quest');
INSERT INTO `smart_scripts` (`entryorguid`, `source_type`, `id`, `link`, `event_type`, `event_phase_mask`, `event_chance`, `event_flags`, `event_param1`, `event_param2`, `event_param3`, `event_param4`, `event_param_string`, `action_type`, `action_param1`, `action_param2`, `action_param3`, `action_param4`, `action_param5`, `action_param6`, `target_type`, `target_param1`, `target_param2`, `target_param3`, `target_x`, `target_y`, `target_z`, `target_o`, `comment`) VALUES ('99433', '0', '1', '0', '64', '0', '100', '0', '0', '0', '0', '0', '', '41', '1', '60', '0', '0', '0', '0', '1', '0', '0', '0', '0', '0', '0', '0', 'Despawn 60 sec');
INSERT INTO `smart_scripts` (`entryorguid`, `source_type`, `id`, `link`, `event_type`, `event_phase_mask`, `event_chance`, `event_flags`, `event_param1`, `event_param2`, `event_param3`, `event_param4`, `event_param_string`, `action_type`, `action_param1`, `action_param2`, `action_param3`, `action_param4`, `action_param5`, `action_param6`, `target_type`, `target_param1`, `target_param2`, `target_param3`, `target_x`, `target_y`, `target_z`, `target_o`, `comment`) VALUES ('99434', '0', '0', '0', '64', '0', '100', '0', '0', '0', '0', '0', '', '33', '94965', '0', '0', '0', '0', '0', '7', '0', '0', '0', '0', '0', '0', '0', 'Kill credit quest');
INSERT INTO `smart_scripts` (`entryorguid`, `source_type`, `id`, `link`, `event_type`, `event_phase_mask`, `event_chance`, `event_flags`, `event_param1`, `event_param2`, `event_param3`, `event_param4`, `event_param_string`, `action_type`, `action_param1`, `action_param2`, `action_param3`, `action_param4`, `action_param5`, `action_param6`, `target_type`, `target_param1`, `target_param2`, `target_param3`, `target_x`, `target_y`, `target_z`, `target_o`, `comment`) VALUES ('99434', '0', '1', '0', '64', '0', '100', '0', '0', '0', '0', '0', '', '41', '1', '60', '0', '0', '0', '0', '1', '0', '0', '0', '0', '0', '0', '0', 'Despawn 60 sec');
INSERT INTO `smart_scripts` (`entryorguid`, `source_type`, `id`, `link`, `event_type`, `event_phase_mask`, `event_chance`, `event_flags`, `event_param1`, `event_param2`, `event_param3`, `event_param4`, `event_param_string`, `action_type`, `action_param1`, `action_param2`, `action_param3`, `action_param4`, `action_param5`, `action_param6`, `target_type`, `target_param1`, `target_param2`, `target_param3`, `target_x`, `target_y`, `target_z`, `target_o`, `comment`) VALUES ('99435', '0', '0', '0', '64', '0', '100', '0', '0', '0', '0', '0', '', '33', '94965', '0', '0', '0', '0', '0', '7', '0', '0', '0', '0', '0', '0', '0', 'Kill credit quest');
INSERT INTO `smart_scripts` (`entryorguid`, `source_type`, `id`, `link`, `event_type`, `event_phase_mask`, `event_chance`, `event_flags`, `event_param1`, `event_param2`, `event_param3`, `event_param4`, `event_param_string`, `action_type`, `action_param1`, `action_param2`, `action_param3`, `action_param4`, `action_param5`, `action_param6`, `target_type`, `target_param1`, `target_param2`, `target_param3`, `target_x`, `target_y`, `target_z`, `target_o`, `comment`) VALUES ('99435', '0', '1', '0', '64', '0', '100', '0', '0', '0', '0', '0', '', '41', '1', '60', '0', '0', '0', '0', '1', '0', '0', '0', '0', '0', '0', '0', 'Despawn 60 sec');
INSERT INTO `smart_scripts` (`entryorguid`, `source_type`, `id`, `link`, `event_type`, `event_phase_mask`, `event_chance`, `event_flags`, `event_param1`, `event_param2`, `event_param3`, `event_param4`, `event_param_string`, `action_type`, `action_param1`, `action_param2`, `action_param3`, `action_param4`, `action_param5`, `action_param6`, `target_type`, `target_param1`, `target_param2`, `target_param3`, `target_x`, `target_y`, `target_z`, `target_o`, `comment`) VALUES ('99436', '0', '0', '0', '64', '0', '100', '0', '0', '0', '0', '0', '', '33', '94965', '0', '0', '0', '0', '0', '7', '0', '0', '0', '0', '0', '0', '0', 'Kill credit quest');
INSERT INTO `smart_scripts` (`entryorguid`, `source_type`, `id`, `link`, `event_type`, `event_phase_mask`, `event_chance`, `event_flags`, `event_param1`, `event_param2`, `event_param3`, `event_param4`, `event_param_string`, `action_type`, `action_param1`, `action_param2`, `action_param3`, `action_param4`, `action_param5`, `action_param6`, `target_type`, `target_param1`, `target_param2`, `target_param3`, `target_x`, `target_y`, `target_z`, `target_o`, `comment`) VALUES ('99436', '0', '1', '0', '64', '0', '100', '0', '0', '0', '0', '0', '', '41', '1', '60', '0', '0', '0', '0', '0', '0', '0', '0', '0', '0', '0', '0', 'Despawn 60 sec');

---fix quest 39575
DELETE FROM creature WHERE guid IN (20544491, 20510754);
UPDATE `creature_template` SET `entry`='94571', `difficulty_entry_1`='0', `difficulty_entry_2`='0', `difficulty_entry_3`='0', `KillCredit1`='96164', `KillCredit2`='0', `modelid1`='63690', `modelid2`='0', `modelid3`='0', `modelid4`='0', `name`='Spiritwalker Ebonhorn', `femaleName`='', `subname`='', `TitleAlt`=NULL, `IconName`=NULL, `gossip_menu_id`='0', `minlevel`='98', `maxlevel`='110', `HealthScalingExpansion`='6', `RequiredExpansion`='0', `VignetteID`='0', `faction`='2785', `npcflag`='2', `speed_walk`='1', `speed_run`='1.14286', `scale`='1', `rank`='1', `dmgschool`='0', `BaseAttackTime`='2000', `RangeAttackTime`='2000', `BaseVariance`='1', `RangeVariance`='1', `unit_class`='2', `unit_flags`='32768', `unit_flags2`='18432', `unit_flags3`='0', `dynamicflags`='0', `family`='0', `trainer_type`='0', `trainer_class`='0', `trainer_race`='0', `type`='7', `type_flags`='0', `type_flags2`='0', `lootid`='0', `pickpocketloot`='0', `skinloot`='0', `resistance1`='0', `resistance2`='0', `resistance3`='0', `resistance4`='0', `resistance5`='0', `resistance6`='0', `spell1`='0', `spell2`='0', `spell3`='0', `spell4`='0', `spell5`='0', `spell6`='0', `spell7`='0', `spell8`='0', `VehicleId`='0', `mingold`='0', `maxgold`='0', `AIName`='SmartAI', `MovementType`='0', `InhabitType`='3', `HoverHeight`='1', `HealthModifier`='10', `HealthModifierExtra`='1', `ManaModifier`='10', `ManaModifierExtra`='1', `ArmorModifier`='1', `DamageModifier`='1', `ExperienceModifier`='1', `RacialLeader`='0', `movementId`='0', `RegenHealth`='1', `mechanic_immune_mask`='0', `flags_extra`='0', `ScriptName`='', `VerifiedBuild`='25549' WHERE (`entry`='94571');
UPDATE `quest_objectives` SET `ID`='279776', `QuestID`='39575', `Type`='0', `Order`='0', `StorageIndex`='0', `ObjectID`='96164', `Amount`='1', `Flags`='1', `Flags2`='0', `ProgressBarWeight`='0', `Description`='Escort Spiritwalker Ebonhorn to the Path of Huln', `VerifiedBuild`='25996' WHERE (`ID`='279776');

INSERT INTO `smart_scripts` (`entryorguid`, `source_type`, `id`, `link`, `event_type`, `event_phase_mask`, `event_chance`, `event_flags`, `event_param1`, `event_param2`, `event_param3`, `event_param4`, `event_param_string`, `action_type`, `action_param1`, `action_param2`, `action_param3`, `action_param4`, `action_param5`, `action_param6`, `target_type`, `target_param1`, `target_param2`, `target_param3`, `target_x`, `target_y`, `target_z`, `target_o`, `comment`) VALUES ('94571', '0', '0', '0', '19', '0', '100', '0', '39575', '0', '0', '0', '', '53', '1', '9999993', '0', '39575', '20', '0', '1', '0', '0', '0', '0', '0', '0', '0', 'Start WP');
INSERT INTO `smart_scripts` (`entryorguid`, `source_type`, `id`, `link`, `event_type`, `event_phase_mask`, `event_chance`, `event_flags`, `event_param1`, `event_param2`, `event_param3`, `event_param4`, `event_param_string`, `action_type`, `action_param1`, `action_param2`, `action_param3`, `action_param4`, `action_param5`, `action_param6`, `target_type`, `target_param1`, `target_param2`, `target_param3`, `target_x`, `target_y`, `target_z`, `target_o`, `comment`) VALUES ('94571', '0', '1', '0', '58', '0', '100', '0', '0', '0', '0', '0', '', '33', '96164', '0', '0', '0', '0', '0', '7', '0', '0', '0', '0', '0', '0', '0', 'Quest kill credit');
INSERT INTO `smart_scripts` (`entryorguid`, `source_type`, `id`, `link`, `event_type`, `event_phase_mask`, `event_chance`, `event_flags`, `event_param1`, `event_param2`, `event_param3`, `event_param4`, `event_param_string`, `action_type`, `action_param1`, `action_param2`, `action_param3`, `action_param4`, `action_param5`, `action_param6`, `target_type`, `target_param1`, `target_param2`, `target_param3`, `target_x`, `target_y`, `target_z`, `target_o`, `comment`) VALUES ('94571', '0', '2', '0', '19', '0', '100', '0', '39575', '0', '0', '0', '', '11', '242874', '0', '0', '0', '0', '0', '1', '0', '0', '0', '0', '0', '0', '0', 'Cast pet');
INSERT INTO `smart_scripts` (`entryorguid`, `source_type`, `id`, `link`, `event_type`, `event_phase_mask`, `event_chance`, `event_flags`, `event_param1`, `event_param2`, `event_param3`, `event_param4`, `event_param_string`, `action_type`, `action_param1`, `action_param2`, `action_param3`, `action_param4`, `action_param5`, `action_param6`, `target_type`, `target_param1`, `target_param2`, `target_param3`, `target_x`, `target_y`, `target_z`, `target_o`, `comment`) VALUES ('94571', '0', '3', '0', '58', '0', '100', '0', '0', '0', '0', '0', '', '28', '242874', '0', '0', '0', '0', '0', '1', '0', '0', '0', '0', '0', '0', '0', 'Uncast pet');
INSERT INTO `smart_scripts` (`entryorguid`, `source_type`, `id`, `link`, `event_type`, `event_phase_mask`, `event_chance`, `event_flags`, `event_param1`, `event_param2`, `event_param3`, `event_param4`, `event_param_string`, `action_type`, `action_param1`, `action_param2`, `action_param3`, `action_param4`, `action_param5`, `action_param6`, `target_type`, `target_param1`, `target_param2`, `target_param3`, `target_x`, `target_y`, `target_z`, `target_o`, `comment`) VALUES ('94571', '0', '4', '0', '58', '0', '100', '0', '0', '0', '0', '0', '', '41', '15', '5', '0', '0', '0', '0', '1', '0', '0', '0', '0', '0', '0', '0', 'End wp despawn');
INSERT INTO `smart_scripts` (`entryorguid`, `source_type`, `id`, `link`, `event_type`, `event_phase_mask`, `event_chance`, `event_flags`, `event_param1`, `event_param2`, `event_param3`, `event_param4`, `event_param_string`, `action_type`, `action_param1`, `action_param2`, `action_param3`, `action_param4`, `action_param5`, `action_param6`, `target_type`, `target_param1`, `target_param2`, `target_param3`, `target_x`, `target_y`, `target_z`, `target_o`, `comment`) VALUES ('94571', '0', '5', '0', '58', '0', '100', '0', '0', '0', '0', '0', '', '1', '0', '0', '0', '0', '0', '0', '1', '0', '0', '0', '0', '0', '0', '0', 'End wp talk');

INSERT INTO `creature_text` (`CreatureID`, `GroupID`, `ID`, `Text`, `Type`, `Language`, `Probability`, `Emote`, `Duration`, `Sound`, `BroadcastTextId`, `TextRange`, `comment`) VALUES ('94571', '0', '0', 'See you downstairs.', '42', '0', '100', '0', '0', '0', '0', '0', 'test');
INSERT INTO `creature_text_locale` (`CreatureID`, `GroupID`, `ID`, `Locale`, `Text`) VALUES ('94571', '0', '0', 'ruRU', 'Увидимся внизу');

INSERT INTO `waypoints` (`entry`, `pointid`, `position_x`, `position_y`, `position_z`, `point_comment`) VALUES ('9999993', '1', '3820.96', '4509.53', '777.169', '0');
INSERT INTO `waypoints` (`entry`, `pointid`, `position_x`, `position_y`, `position_z`, `point_comment`) VALUES ('9999993', '2', '3803.7', '4515.56', '778.203', '0');
INSERT INTO `waypoints` (`entry`, `pointid`, `position_x`, `position_y`, `position_z`, `point_comment`) VALUES ('9999993', '3', '3789.64', '4532.89', '776.951', '0');
INSERT INTO `waypoints` (`entry`, `pointid`, `position_x`, `position_y`, `position_z`, `point_comment`) VALUES ('9999993', '4', '3766.65', '4558.92', '776.041', '0');
INSERT INTO `waypoints` (`entry`, `pointid`, `position_x`, `position_y`, `position_z`, `point_comment`) VALUES ('9999993', '5', '3747.76', '4572.39', '777.889', '0');
INSERT INTO `waypoints` (`entry`, `pointid`, `position_x`, `position_y`, `position_z`, `point_comment`) VALUES ('9999993', '6', '3733.58', '4579.65', '779.951', '0');
INSERT INTO `waypoints` (`entry`, `pointid`, `position_x`, `position_y`, `position_z`, `point_comment`) VALUES ('9999993', '7', '3710.04', '4587.35', '781.696', '0');
INSERT INTO `waypoints` (`entry`, `pointid`, `position_x`, `position_y`, `position_z`, `point_comment`) VALUES ('9999993', '8', '3691.64', '4591.22', '783.807', '0');
INSERT INTO `waypoints` (`entry`, `pointid`, `position_x`, `position_y`, `position_z`, `point_comment`) VALUES ('9999993', '9', '3678.73', '4594.93', '786.237', '0');
INSERT INTO `waypoints` (`entry`, `pointid`, `position_x`, `position_y`, `position_z`, `point_comment`) VALUES ('9999993', '10', '3661.68', '4611.22', '788.074', '0');
INSERT INTO `waypoints` (`entry`, `pointid`, `position_x`, `position_y`, `position_z`, `point_comment`) VALUES ('9999993', '11', '3645.54', '4624.22', '788.674', '0');
INSERT INTO `waypoints` (`entry`, `pointid`, `position_x`, `position_y`, `position_z`, `point_comment`) VALUES ('9999993', '12', '3629.23', '4627.58', '790.929', '0');
INSERT INTO `waypoints` (`entry`, `pointid`, `position_x`, `position_y`, `position_z`, `point_comment`) VALUES ('9999993', '13', '3613.52', '4615.19', '796.18', '0');
INSERT INTO `waypoints` (`entry`, `pointid`, `position_x`, `position_y`, `position_z`, `point_comment`) VALUES ('9999993', '14', '3588.85', '4603.48', '801.481', '0');
INSERT INTO `waypoints` (`entry`, `pointid`, `position_x`, `position_y`, `position_z`, `point_comment`) VALUES ('9999993', '15', '3569.31', '4597.72', '805.389', '0');
INSERT INTO `waypoints` (`entry`, `pointid`, `position_x`, `position_y`, `position_z`, `point_comment`) VALUES ('9999993', '16', '3559.03', '4586.63', '809.157', '0');
INSERT INTO `waypoints` (`entry`, `pointid`, `position_x`, `position_y`, `position_z`, `point_comment`) VALUES ('9999993', '17', '3553.19', '4554.45', '814.014', '0');
INSERT INTO `waypoints` (`entry`, `pointid`, `position_x`, `position_y`, `position_z`, `point_comment`) VALUES ('9999993', '18', '3558.87', '4521.05', '812.977', '0');
INSERT INTO `waypoints` (`entry`, `pointid`, `position_x`, `position_y`, `position_z`, `point_comment`) VALUES ('9999993', '19', '3565.56', '4509.08', '810.399', '0');
INSERT INTO `waypoints` (`entry`, `pointid`, `position_x`, `position_y`, `position_z`, `point_comment`) VALUES ('9999993', '20', '3576.65', '4493.89', '803.431', '0');
INSERT INTO `waypoints` (`entry`, `pointid`, `position_x`, `position_y`, `position_z`, `point_comment`) VALUES ('9999993', '21', '3587.82', '4485.66', '796.701', '0');
INSERT INTO `waypoints` (`entry`, `pointid`, `position_x`, `position_y`, `position_z`, `point_comment`) VALUES ('9999993', '22', '3598.89', '4477.71', '790.769', '0');
INSERT INTO `waypoints` (`entry`, `pointid`, `position_x`, `position_y`, `position_z`, `point_comment`) VALUES ('9999993', '23', '3608.14', '4466.12', '782.946', '0');

---fix quest 42512 (temporal resolution)
UPDATE `creature_template` SET `entry`='107704', `difficulty_entry_1`='0', `difficulty_entry_2`='0', `difficulty_entry_3`='0', `KillCredit1`='999993', `KillCredit2`='0', `modelid1`='62392', `modelid2`='0', `modelid3`='0', `modelid4`='0', `name`='Dargrul', `femaleName`='', `subname`='The Underking', `TitleAlt`=NULL, `IconName`=NULL, `gossip_menu_id`='0', `minlevel`='98', `maxlevel`='110', `HealthScalingExpansion`='6', `RequiredExpansion`='0', `VignetteID`='0', `faction`='14', `npcflag`='0', `speed_walk`='1', `speed_run`='1', `scale`='1', `rank`='1', `dmgschool`='0', `BaseAttackTime`='2000', `RangeAttackTime`='2000', `BaseVariance`='1', `RangeVariance`='1', `unit_class`='1', `unit_flags`='33536', `unit_flags2`='2048', `unit_flags3`='0', `dynamicflags`='0', `family`='0', `trainer_type`='0', `trainer_class`='0', `trainer_race`='0', `type`='7', `type_flags`='2097224', `type_flags2`='0', `lootid`='0', `pickpocketloot`='0', `skinloot`='0', `resistance1`='0', `resistance2`='0', `resistance3`='0', `resistance4`='0', `resistance5`='0', `resistance6`='0', `spell1`='0', `spell2`='0', `spell3`='0', `spell4`='0', `spell5`='0', `spell6`='0', `spell7`='0', `spell8`='0', `VehicleId`='0', `mingold`='0', `maxgold`='0', `AIName`='SmartAI', `MovementType`='0', `InhabitType`='3', `HoverHeight`='1', `HealthModifier`='5', `HealthModifierExtra`='1', `ManaModifier`='1', `ManaModifierExtra`='1', `ArmorModifier`='1', `DamageModifier`='1', `ExperienceModifier`='1', `RacialLeader`='0', `movementId`='0', `RegenHealth`='1', `mechanic_immune_mask`='0', `flags_extra`='0', `ScriptName`='', `VerifiedBuild`='25549' WHERE (`entry`='107704');
INSERT INTO `creature_template` (`entry`, `difficulty_entry_1`, `difficulty_entry_2`, `difficulty_entry_3`, `KillCredit1`, `KillCredit2`, `modelid1`, `modelid2`, `modelid3`, `modelid4`, `name`, `femaleName`, `subname`, `TitleAlt`, `IconName`, `gossip_menu_id`, `minlevel`, `maxlevel`, `HealthScalingExpansion`, `RequiredExpansion`, `VignetteID`, `faction`, `npcflag`, `speed_walk`, `speed_run`, `scale`, `rank`, `dmgschool`, `BaseAttackTime`, `RangeAttackTime`, `BaseVariance`, `RangeVariance`, `unit_class`, `unit_flags`, `unit_flags2`, `unit_flags3`, `dynamicflags`, `family`, `trainer_type`, `trainer_class`, `trainer_race`, `type`, `type_flags`, `type_flags2`, `lootid`, `pickpocketloot`, `skinloot`, `resistance1`, `resistance2`, `resistance3`, `resistance4`, `resistance5`, `resistance6`, `spell1`, `spell2`, `spell3`, `spell4`, `spell5`, `spell6`, `spell7`, `spell8`, `VehicleId`, `mingold`, `maxgold`, `AIName`, `MovementType`, `InhabitType`, `HoverHeight`, `HealthModifier`, `HealthModifierExtra`, `ManaModifier`, `ManaModifierExtra`, `ArmorModifier`, `DamageModifier`, `ExperienceModifier`, `RacialLeader`, `movementId`, `RegenHealth`, `mechanic_immune_mask`, `flags_extra`, `ScriptName`, `VerifiedBuild`) VALUES ('999993', '0', '0', '0', '0', '0', '15880', '0', '0', '0', 'Dargrul', NULL, NULL, NULL, NULL, '0', '1', '1', '0', '0', '0', '35', '0', '1', '1.14286', '1', '0', '0', '0', '0', '1', '1', '1', '0', '0', '0', '0', '0', '0', '0', '0', '0', '0', '0', '0', '0', '0', '0', '0', '0', '0', '0', '0', '0', '0', '0', '0', '0', '0', '0', '0', '0', '0', '0', '', '0', '3', '1', '1', '1', '1', '1', '1', '1', '1', '0', '0', '1', '0', '0', '', '0');
UPDATE `quest_objectives` SET `ID`='284367', `QuestID`='42512', `Type`='0', `Order`='0', `StorageIndex`='0', `ObjectID`='999993', `Amount`='1', `Flags`='1', `Flags2`='0', `ProgressBarWeight`='0', `Description`='Confront Dargrul', `VerifiedBuild`='25996' WHERE (`ID`='284367');
INSERT INTO `smart_scripts` (`entryorguid`, `source_type`, `id`, `link`, `event_type`, `event_phase_mask`, `event_chance`, `event_flags`, `event_param1`, `event_param2`, `event_param3`, `event_param4`, `event_param_string`, `action_type`, `action_param1`, `action_param2`, `action_param3`, `action_param4`, `action_param5`, `action_param6`, `target_type`, `target_param1`, `target_param2`, `target_param3`, `target_x`, `target_y`, `target_z`, `target_o`, `comment`) VALUES ('107704', '0', '0', '1', '10', '0', '100', '0', '1', '10', '1000', '1000', '', '33', '999993', '0', '0', '0', '0', '0', '21', '2', '0', '0', '3876.51', '3883.36', '901.227', '2.60077', 'Kill credit quest and tp');

---fix quest 40167 (temporal resolution)
UPDATE `creature_template` SET `entry`='98825', `difficulty_entry_1`='0', `difficulty_entry_2`='0', `difficulty_entry_3`='0', `KillCredit1`='999994', `KillCredit2`='0', `modelid1`='63690', `modelid2`='0', `modelid3`='0', `modelid4`='0', `name`='Spiritwalker Ebonhorn', `femaleName`='', `subname`='', `TitleAlt`=NULL, `IconName`=NULL, `gossip_menu_id`='999913', `minlevel`='98', `maxlevel`='110', `HealthScalingExpansion`='6', `RequiredExpansion`='0', `VignetteID`='0', `faction`='2785', `npcflag`='3', `speed_walk`='1', `speed_run`='1.14286', `scale`='1', `rank`='1', `dmgschool`='0', `BaseAttackTime`='2000', `RangeAttackTime`='2000', `BaseVariance`='1', `RangeVariance`='1', `unit_class`='2', `unit_flags`='32768', `unit_flags2`='2099200', `unit_flags3`='0', `dynamicflags`='0', `family`='0', `trainer_type`='0', `trainer_class`='0', `trainer_race`='0', `type`='7', `type_flags`='0', `type_flags2`='0', `lootid`='0', `pickpocketloot`='0', `skinloot`='0', `resistance1`='0', `resistance2`='0', `resistance3`='0', `resistance4`='0', `resistance5`='0', `resistance6`='0', `spell1`='0', `spell2`='0', `spell3`='0', `spell4`='0', `spell5`='0', `spell6`='0', `spell7`='0', `spell8`='0', `VehicleId`='0', `mingold`='0', `maxgold`='0', `AIName`='SmartAI', `MovementType`='0', `InhabitType`='3', `HoverHeight`='1', `HealthModifier`='10', `HealthModifierExtra`='1', `ManaModifier`='10', `ManaModifierExtra`='1', `ArmorModifier`='1', `DamageModifier`='1', `ExperienceModifier`='1', `RacialLeader`='0', `movementId`='0', `RegenHealth`='1', `mechanic_immune_mask`='0', `flags_extra`='0', `ScriptName`='', `VerifiedBuild`='25549' WHERE (`entry`='98825');
INSERT INTO `creature_template` (`entry`, `difficulty_entry_1`, `difficulty_entry_2`, `difficulty_entry_3`, `KillCredit1`, `KillCredit2`, `modelid1`, `modelid2`, `modelid3`, `modelid4`, `name`, `femaleName`, `subname`, `TitleAlt`, `IconName`, `gossip_menu_id`, `minlevel`, `maxlevel`, `HealthScalingExpansion`, `RequiredExpansion`, `VignetteID`, `faction`, `npcflag`, `speed_walk`, `speed_run`, `scale`, `rank`, `dmgschool`, `BaseAttackTime`, `RangeAttackTime`, `BaseVariance`, `RangeVariance`, `unit_class`, `unit_flags`, `unit_flags2`, `unit_flags3`, `dynamicflags`, `family`, `trainer_type`, `trainer_class`, `trainer_race`, `type`, `type_flags`, `type_flags2`, `lootid`, `pickpocketloot`, `skinloot`, `resistance1`, `resistance2`, `resistance3`, `resistance4`, `resistance5`, `resistance6`, `spell1`, `spell2`, `spell3`, `spell4`, `spell5`, `spell6`, `spell7`, `spell8`, `VehicleId`, `mingold`, `maxgold`, `AIName`, `MovementType`, `InhabitType`, `HoverHeight`, `HealthModifier`, `HealthModifierExtra`, `ManaModifier`, `ManaModifierExtra`, `ArmorModifier`, `DamageModifier`, `ExperienceModifier`, `RacialLeader`, `movementId`, `RegenHealth`, `mechanic_immune_mask`, `flags_extra`, `ScriptName`, `VerifiedBuild`) VALUES ('999994', '0', '0', '0', '0', '0', '15880', '0', '0', '0', 'Spiritwalker Ebonhorn', NULL, NULL, NULL, NULL, '0', '1', '1', '0', '0', '0', '35', '0', '1', '1.14286', '1', '0', '0', '0', '0', '1', '1', '1', '0', '0', '0', '0', '0', '0', '0', '0', '0', '0', '0', '0', '0', '0', '0', '0', '0', '0', '0', '0', '0', '0', '0', '0', '0', '0', '0', '0', '0', '0', '0', '', '0', '3', '1', '1', '1', '1', '1', '1', '1', '1', '0', '0', '1', '0', '0', '', '0');

INSERT INTO `gossip_menu_option` (`MenuId`, `OptionIndex`, `OptionIcon`, `OptionText`, `OptionBroadcastTextId`, `OptionType`, `OptionNpcFlag`, `VerifiedBuild`) VALUES ('999913', '0', '0', 'Tell me the stroy of Huln', '0', '1', '1', '0');
INSERT INTO `smart_scripts` (`entryorguid`, `source_type`, `id`, `link`, `event_type`, `event_phase_mask`, `event_chance`, `event_flags`, `event_param1`, `event_param2`, `event_param3`, `event_param4`, `event_param_string`, `action_type`, `action_param1`, `action_param2`, `action_param3`, `action_param4`, `action_param5`, `action_param6`, `target_type`, `target_param1`, `target_param2`, `target_param3`, `target_x`, `target_y`, `target_z`, `target_o`, `comment`) VALUES ('98825', '0', '1', '0', '62', '0', '100', '0', '999913', '0', '0', '0', '', '33', '999994', '0', '0', '0', '0', '0', '7', '0', '0', '0', '0', '0', '0', '0', 'Kill quest credit');
UPDATE `quest_objectives` SET `ID`='280365', `QuestID`='40167', `Type`='0', `Order`='0', `StorageIndex`='0', `ObjectID`='999994', `Amount`='1', `Flags`='0', `Flags2`='0', `ProgressBarWeight`='0', `Description`='The Story of Huln witnessed', `VerifiedBuild`='25996' WHERE (`ID`='280365');

---fix quest 42622
UPDATE `creature_template` SET `entry`='108145', `difficulty_entry_1`='0', `difficulty_entry_2`='0', `difficulty_entry_3`='0', `KillCredit1`='0', `KillCredit2`='0', `modelid1`='65057', `modelid2`='0', `modelid3`='0', `modelid4`='0', `name`='Bluewax Drumtaker', `femaleName`='', `subname`='', `TitleAlt`=NULL, `IconName`=NULL, `gossip_menu_id`='0', `minlevel`='98', `maxlevel`='110', `HealthScalingExpansion`='6', `RequiredExpansion`='0', `VignetteID`='0', `faction`='26', `npcflag`='0', `speed_walk`='1', `speed_run`='1', `scale`='1', `rank`='0', `dmgschool`='0', `BaseAttackTime`='2000', `RangeAttackTime`='2000', `BaseVariance`='1', `RangeVariance`='1', `unit_class`='1', `unit_flags`='32768', `unit_flags2`='2048', `unit_flags3`='0', `dynamicflags`='0', `family`='0', `trainer_type`='0', `trainer_class`='0', `trainer_race`='0', `type`='7', `type_flags`='0', `type_flags2`='0', `lootid`='9999991', `pickpocketloot`='0', `skinloot`='0', `resistance1`='0', `resistance2`='0', `resistance3`='0', `resistance4`='0', `resistance5`='0', `resistance6`='0', `spell1`='0', `spell2`='0', `spell3`='0', `spell4`='0', `spell5`='0', `spell6`='0', `spell7`='0', `spell8`='0', `VehicleId`='0', `mingold`='0', `maxgold`='0', `AIName`='', `MovementType`='0', `InhabitType`='3', `HoverHeight`='1', `HealthModifier`='0.75', `HealthModifierExtra`='1', `ManaModifier`='1', `ManaModifierExtra`='1', `ArmorModifier`='1', `DamageModifier`='1', `ExperienceModifier`='1', `RacialLeader`='0', `movementId`='0', `RegenHealth`='1', `mechanic_immune_mask`='0', `flags_extra`='0', `ScriptName`='', `VerifiedBuild`='25549' WHERE (`entry`='108145');
INSERT INTO `creature_loot_template` (`Entry`, `Item`, `Reference`, `Chance`, `QuestRequired`, `LootMode`, `GroupId`, `MinCount`, `MaxCount`, `Comment`) VALUES ('9999991', '138197', '0', '100', '0', '1', '0', '1', '1', NULL);

---fix quest 38753
INSERT INTO `smart_scripts` (`entryorguid`, `source_type`, `id`, `link`, `event_type`, `event_phase_mask`, `event_chance`, `event_flags`, `event_param1`, `event_param2`, `event_param3`, `event_param4`, `event_param_string`, `action_type`, `action_param1`, `action_param2`, `action_param3`, `action_param4`, `action_param5`, `action_param6`, `target_type`, `target_param1`, `target_param2`, `target_param3`, `target_x`, `target_y`, `target_z`, `target_o`, `comment`) VALUES ('92804', '0', '0', '0', '10', '0', '100', '0', '1', '2', '1000', '1000', '', '33', '92804', '0', '0', '0', '0', '0', '7', '0', '0', '0', '0', '0', '0', '0', 'test');

---fix quest 38582
INSERT INTO `creature` (`guid`, `id`, `map`, `zoneId`, `areaId`, `spawnMask`, `phaseUseFlags`, `PhaseId`, `PhaseGroup`, `terrainSwapMap`, `modelid`, `equipment_id`, `position_x`, `position_y`, `position_z`, `orientation`, `spawntimesecs`, `spawndist`, `currentwaypoint`, `curhealth`, `curmana`, `MovementType`, `npcflag`, `unit_flags`, `unit_flags2`, `unit_flags3`, `dynamicflags`, `ScriptName`, `VerifiedBuild`) VALUES ('2101182524', '105414', '1220', '0', '0', '1', '0', '0', '0', '-1', '11686', '0', '2902.48', '5948.56', '264.032', '5.03969', '300', '0', '0', '87', '0', '0', '0', '33554432', '0', '0', '0', '', '0');
UPDATE `creature_template` SET `entry`='105414', `difficulty_entry_1`='0', `difficulty_entry_2`='0', `difficulty_entry_3`='0', `KillCredit1`='999995', `KillCredit2`='0', `modelid1`='64062', `modelid2`='0', `modelid3`='0', `modelid4`='0', `name`='Kill Credit', `femaleName`='', `subname`='', `TitleAlt`=NULL, `IconName`='', `gossip_menu_id`='0', `minlevel`='1', `maxlevel`='1', `HealthScalingExpansion`='6', `RequiredExpansion`='0', `VignetteID`='0', `faction`='35', `npcflag`='0', `speed_walk`='1', `speed_run`='1.14286', `scale`='1', `rank`='0', `dmgschool`='0', `BaseAttackTime`='0', `RangeAttackTime`='0', `BaseVariance`='1', `RangeVariance`='1', `unit_class`='1', `unit_flags`='0', `unit_flags2`='0', `unit_flags3`='0', `dynamicflags`='0', `family`='0', `trainer_type`='0', `trainer_class`='0', `trainer_race`='0', `type`='10', `type_flags`='1048576', `type_flags2`='0', `lootid`='0', `pickpocketloot`='0', `skinloot`='0', `resistance1`='0', `resistance2`='0', `resistance3`='0', `resistance4`='0', `resistance5`='0', `resistance6`='0', `spell1`='0', `spell2`='0', `spell3`='0', `spell4`='0', `spell5`='0', `spell6`='0', `spell7`='0', `spell8`='0', `VehicleId`='0', `mingold`='0', `maxgold`='0', `AIName`='SmartAI', `MovementType`='0', `InhabitType`='3', `HoverHeight`='1', `HealthModifier`='1', `HealthModifierExtra`='1', `ManaModifier`='1', `ManaModifierExtra`='1', `ArmorModifier`='1', `DamageModifier`='1', `ExperienceModifier`='1', `RacialLeader`='0', `movementId`='0', `RegenHealth`='1', `mechanic_immune_mask`='0', `flags_extra`='128', `ScriptName`='', `VerifiedBuild`='25549' WHERE (`entry`='105414');
INSERT INTO`creature_template` (`entry`, `difficulty_entry_1`, `difficulty_entry_2`, `difficulty_entry_3`, `KillCredit1`, `KillCredit2`, `modelid1`, `modelid2`, `modelid3`, `modelid4`, `name`, `femaleName`, `subname`, `TitleAlt`, `IconName`, `gossip_menu_id`, `minlevel`, `maxlevel`, `HealthScalingExpansion`, `RequiredExpansion`, `VignetteID`, `faction`, `npcflag`, `speed_walk`, `speed_run`, `scale`, `rank`, `dmgschool`, `BaseAttackTime`, `RangeAttackTime`, `BaseVariance`, `RangeVariance`, `unit_class`, `unit_flags`, `unit_flags2`, `unit_flags3`, `dynamicflags`, `family`, `trainer_type`, `trainer_class`, `trainer_race`, `type`, `type_flags`, `type_flags2`, `lootid`, `pickpocketloot`, `skinloot`, `resistance1`, `resistance2`, `resistance3`, `resistance4`, `resistance5`, `resistance6`, `spell1`, `spell2`, `spell3`, `spell4`, `spell5`, `spell6`, `spell7`, `spell8`, `VehicleId`, `mingold`, `maxgold`, `AIName`, `MovementType`, `InhabitType`, `HoverHeight`, `HealthModifier`, `HealthModifierExtra`, `ManaModifier`, `ManaModifierExtra`, `ArmorModifier`, `DamageModifier`, `ExperienceModifier`, `RacialLeader`, `movementId`, `RegenHealth`, `mechanic_immune_mask`, `flags_extra`, `ScriptName`, `VerifiedBuild`) VALUES ('999995', '0', '0', '0', '0', '0', '15880', '0', '0', '0', 'Credit', NULL, NULL, NULL, NULL, '0', '1', '1', '0', '0', '0', '35', '0', '1', '1.14286', '1', '0', '0', '0', '0', '1', '1', '1', '0', '0', '0', '0', '0', '0', '0', '0', '0', '0', '0', '0', '0', '0', '0', '0', '0', '0', '0', '0', '0', '0', '0', '0', '0', '0', '0', '0', '0', '0', '0', '', '0', '3', '1', '1', '1', '1', '1', '1', '1', '1', '0', '0', '1', '0', '0', '', '0');
INSERT INTO `smart_scripts` (`entryorguid`, `source_type`, `id`, `link`, `event_type`, `event_phase_mask`, `event_chance`, `event_flags`, `event_param1`, `event_param2`, `event_param3`, `event_param4`, `event_param_string`, `action_type`, `action_param1`, `action_param2`, `action_param3`, `action_param4`, `action_param5`, `action_param6`, `target_type`, `target_param1`, `target_param2`, `target_param3`, `target_x`, `target_y`, `target_z`, `target_o`, `comment`) VALUES ('105414', '0', '0', '0', '10', '0', '100', '0', '1', '3', '1000', '1000', '', '33', '999995', '0', '0', '0', '0', '0', '7', '0', '0', '0', '0', '0', '0', '0', 'test');

UPDATE `quest_objectives` SET `ID`='283140', `QuestID`='38582', `Type`='0', `Order`='1', `StorageIndex`='1', `ObjectID`='999995', `Amount`='1', `Flags`='18', `Flags2`='0', `ProgressBarWeight`='0', `Description`='Enter Darkgrove Cavern', `VerifiedBuild`='25996' WHERE (`ID`='283140');


---fix quest 38595
INSERT INTO `creature` (`guid`, `id`, `map`, `zoneId`, `areaId`, `spawnMask`, `phaseUseFlags`, `PhaseId`, `PhaseGroup`, `terrainSwapMap`, `modelid`, `equipment_id`, `position_x`, `position_y`, `position_z`, `orientation`, `spawntimesecs`, `spawndist`, `currentwaypoint`, `curhealth`, `curmana`, `MovementType`, `npcflag`, `unit_flags`, `unit_flags2`, `unit_flags3`, `dynamicflags`, `ScriptName`, `VerifiedBuild`) VALUES ('2101182539', '999997', '1220', '0', '0', '1', '0', '0', '0', '-1', '11686', '0', '2705.75', '6254.6', '225.174', '1.48744', '300', '0', '0', '87', '0', '0', '0', '33554432', '0', '0', '0', '', '0');
UPDATE `creature` SET `guid`='20536131', `id`='92742', `map`='1220', `zoneId`='0', `areaId`='0', `spawnMask`='1', `phaseUseFlags`='0', `PhaseId`='0', `PhaseGroup`='0', `terrainSwapMap`='-1', `modelid`='0', `equipment_id`='0', `position_x`='2633.02', `position_y`='6767.87', `position_z`='104.277', `orientation`='4.88243', `spawntimesecs`='7200', `spawndist`='0', `currentwaypoint`='0', `curhealth`='0', `curmana`='0', `MovementType`='0', `npcflag`='0', `unit_flags`='0', `unit_flags2`='0', `unit_flags3`='0', `dynamicflags`='0', `ScriptName`='', `VerifiedBuild`='22810' WHERE (`guid`='20536131');
INSERT INTO `creature_template` (`entry`, `difficulty_entry_1`, `difficulty_entry_2`, `difficulty_entry_3`, `KillCredit1`, `KillCredit2`, `modelid1`, `modelid2`, `modelid3`, `modelid4`, `name`, `femaleName`, `subname`, `TitleAlt`, `IconName`, `gossip_menu_id`, `minlevel`, `maxlevel`, `HealthScalingExpansion`, `RequiredExpansion`, `VignetteID`, `faction`, `npcflag`, `speed_walk`, `speed_run`, `scale`, `rank`, `dmgschool`, `BaseAttackTime`, `RangeAttackTime`, `BaseVariance`, `RangeVariance`, `unit_class`, `unit_flags`, `unit_flags2`, `unit_flags3`, `dynamicflags`, `family`, `trainer_type`, `trainer_class`, `trainer_race`, `type`, `type_flags`, `type_flags2`, `lootid`, `pickpocketloot`, `skinloot`, `resistance1`, `resistance2`, `resistance3`, `resistance4`, `resistance5`, `resistance6`, `spell1`, `spell2`, `spell3`, `spell4`, `spell5`, `spell6`, `spell7`, `spell8`, `VehicleId`, `mingold`, `maxgold`, `AIName`, `MovementType`, `InhabitType`, `HoverHeight`, `HealthModifier`, `HealthModifierExtra`, `ManaModifier`, `ManaModifierExtra`, `ArmorModifier`, `DamageModifier`, `ExperienceModifier`, `RacialLeader`, `movementId`, `RegenHealth`, `mechanic_immune_mask`, `flags_extra`, `ScriptName`, `VerifiedBuild`) VALUES ('999997', '0', '0', '0', '999996', '0', '1126', '0', '0', '0', 'Kill credit', NULL, NULL, NULL, NULL, '0', '1', '1', '0', '0', '0', '35', '0', '1', '1.14286', '1', '0', '0', '0', '0', '1', '1', '1', '0', '0', '0', '0', '0', '0', '0', '0', '0', '0', '0', '0', '0', '0', '0', '0', '0', '0', '0', '0', '0', '0', '0', '0', '0', '0', '0', '0', '0', '0', '0', 'SmartAI', '0', '3', '1', '1', '1', '1', '1', '1', '1', '1', '0', '0', '1', '0', '128', '', '0');
INSERT INTO `creature_template` (`entry`, `difficulty_entry_1`, `difficulty_entry_2`, `difficulty_entry_3`, `KillCredit1`, `KillCredit2`, `modelid1`, `modelid2`, `modelid3`, `modelid4`, `name`, `femaleName`, `subname`, `TitleAlt`, `IconName`, `gossip_menu_id`, `minlevel`, `maxlevel`, `HealthScalingExpansion`, `RequiredExpansion`, `VignetteID`, `faction`, `npcflag`, `speed_walk`, `speed_run`, `scale`, `rank`, `dmgschool`, `BaseAttackTime`, `RangeAttackTime`, `BaseVariance`, `RangeVariance`, `unit_class`, `unit_flags`, `unit_flags2`, `unit_flags3`, `dynamicflags`, `family`, `trainer_type`, `trainer_class`, `trainer_race`, `type`, `type_flags`, `type_flags2`, `lootid`, `pickpocketloot`, `skinloot`, `resistance1`, `resistance2`, `resistance3`, `resistance4`, `resistance5`, `resistance6`, `spell1`, `spell2`, `spell3`, `spell4`, `spell5`, `spell6`, `spell7`, `spell8`, `VehicleId`, `mingold`, `maxgold`, `AIName`, `MovementType`, `InhabitType`, `HoverHeight`, `HealthModifier`, `HealthModifierExtra`, `ManaModifier`, `ManaModifierExtra`, `ArmorModifier`, `DamageModifier`, `ExperienceModifier`, `RacialLeader`, `movementId`, `RegenHealth`, `mechanic_immune_mask`, `flags_extra`, `ScriptName`, `VerifiedBuild`) VALUES ('999996', '0', '0', '0', '0', '0', '15880', '0', '0', '0', 'Kill credit', NULL, NULL, NULL, NULL, '0', '1', '1', '0', '0', '0', '35', '0', '1', '1.14286', '1', '0', '0', '0', '0', '1', '1', '1', '0', '0', '0', '0', '0', '0', '0', '0', '0', '0', '0', '0', '0', '0', '0', '0', '0', '0', '0', '0', '0', '0', '0', '0', '0', '0', '0', '0', '0', '0', '0', '', '0', '3', '1', '1', '1', '1', '1', '1', '1', '1', '0', '0', '1', '0', '0', '', '0');
UPDATE `creature_template` SET `entry`='95800', `difficulty_entry_1`='0', `difficulty_entry_2`='0', `difficulty_entry_3`='0', `KillCredit1`='999996', `KillCredit2`='0', `modelid1`='62849', `modelid2`='0', `modelid3`='0', `modelid4`='0', `name`='Ysera', `femaleName`='', `subname`='The Awakened', `TitleAlt`=NULL, `IconName`='', `gossip_menu_id`='0', `minlevel`='1', `maxlevel`='1', `HealthScalingExpansion`='6', `RequiredExpansion`='0', `VignetteID`='0', `faction`='35', `npcflag`='0', `speed_walk`='3', `speed_run`='3', `scale`='1', `rank`='1', `dmgschool`='0', `BaseAttackTime`='0', `RangeAttackTime`='0', `BaseVariance`='1', `RangeVariance`='1', `unit_class`='1', `unit_flags`='33554432', `unit_flags2`='0', `unit_flags3`='0', `dynamicflags`='0', `family`='0', `trainer_type`='0', `trainer_class`='0', `trainer_race`='0', `type`='7', `type_flags`='0', `type_flags2`='0', `lootid`='0', `pickpocketloot`='0', `skinloot`='0', `resistance1`='0', `resistance2`='0', `resistance3`='0', `resistance4`='0', `resistance5`='0', `resistance6`='0', `spell1`='0', `spell2`='0', `spell3`='0', `spell4`='0', `spell5`='0', `spell6`='0', `spell7`='0', `spell8`='0', `VehicleId`='4330', `mingold`='0', `maxgold`='0', `AIName`='SmartAI', `MovementType`='0', `InhabitType`='4', `HoverHeight`='1', `HealthModifier`='1', `HealthModifierExtra`='1', `ManaModifier`='1', `ManaModifierExtra`='1', `ArmorModifier`='1', `DamageModifier`='1', `ExperienceModifier`='1', `RacialLeader`='0', `movementId`='0', `RegenHealth`='1', `mechanic_immune_mask`='0', `flags_extra`='0', `ScriptName`='', `VerifiedBuild`='25549' WHERE (`entry`='95800');
UPDATE `creature_template` SET `entry`='92742', `difficulty_entry_1`='0', `difficulty_entry_2`='0', `difficulty_entry_3`='0', `KillCredit1`='0', `KillCredit2`='0', `modelid1`='62849', `modelid2`='0', `modelid3`='0', `modelid4`='0', `name`='Ysera', `femaleName`='', `subname`='The Awakened', `TitleAlt`=NULL, `IconName`=NULL, `gossip_menu_id`='999914', `minlevel`='110', `maxlevel`='110', `HealthScalingExpansion`='6', `RequiredExpansion`='0', `VignetteID`='0', `faction`='2807', `npcflag`='3', `speed_walk`='0.888888', `speed_run`='0.992063', `scale`='1', `rank`='1', `dmgschool`='0', `BaseAttackTime`='2000', `RangeAttackTime`='2000', `BaseVariance`='1', `RangeVariance`='1', `unit_class`='2', `unit_flags`='32768', `unit_flags2`='34816', `unit_flags3`='0', `dynamicflags`='0', `family`='0', `trainer_type`='0', `trainer_class`='0', `trainer_race`='0', `type`='7', `type_flags`='4', `type_flags2`='0', `lootid`='0', `pickpocketloot`='0', `skinloot`='0', `resistance1`='0', `resistance2`='0', `resistance3`='0', `resistance4`='0', `resistance5`='0', `resistance6`='0', `spell1`='0', `spell2`='0', `spell3`='0', `spell4`='0', `spell5`='0', `spell6`='0', `spell7`='0', `spell8`='0', `VehicleId`='0', `mingold`='0', `maxgold`='0', `AIName`='SmartAI', `MovementType`='0', `InhabitType`='3', `HoverHeight`='1', `HealthModifier`='1', `HealthModifierExtra`='1', `ManaModifier`='1', `ManaModifierExtra`='1', `ArmorModifier`='1', `DamageModifier`='1', `ExperienceModifier`='1', `RacialLeader`='0', `movementId`='0', `RegenHealth`='1', `mechanic_immune_mask`='0', `flags_extra`='0', `ScriptName`='', `VerifiedBuild`='25549' WHERE (`entry`='92742');

INSERT INTO `smart_scripts` (`entryorguid`, `source_type`, `id`, `link`, `event_type`, `event_phase_mask`, `event_chance`, `event_flags`, `event_param1`, `event_param2`, `event_param3`, `event_param4`, `event_param_string`, `action_type`, `action_param1`, `action_param2`, `action_param3`, `action_param4`, `action_param5`, `action_param6`, `target_type`, `target_param1`, `target_param2`, `target_param3`, `target_x`, `target_y`, `target_z`, `target_o`, `comment`) VALUES ('92742', '0', '0', '0', '62', '0', '100', '0', '999914', '0', '0', '0', '', '85', '189994', '0', '0', '0', '0', '0', '7', '0', '0', '0', '0', '0', '0', '0', 'cast drago');
INSERT INTO `smart_scripts` (`entryorguid`, `source_type`, `id`, `link`, `event_type`, `event_phase_mask`, `event_chance`, `event_flags`, `event_param1`, `event_param2`, `event_param3`, `event_param4`, `event_param_string`, `action_type`, `action_param1`, `action_param2`, `action_param3`, `action_param4`, `action_param5`, `action_param6`, `target_type`, `target_param1`, `target_param2`, `target_param3`, `target_x`, `target_y`, `target_z`, `target_o`, `comment`) VALUES ('95800', '0', '0', '0', '11', '0', '100', '0', '0', '0', '0', '0', '', '53', '1', '9999995', '0', '0', '0', '0', '1', '0', '0', '0', '0', '0', '0', '0', 'start wp drago');
INSERT INTO `smart_scripts` (`entryorguid`, `source_type`, `id`, `link`, `event_type`, `event_phase_mask`, `event_chance`, `event_flags`, `event_param1`, `event_param2`, `event_param3`, `event_param4`, `event_param_string`, `action_type`, `action_param1`, `action_param2`, `action_param3`, `action_param4`, `action_param5`, `action_param6`, `target_type`, `target_param1`, `target_param2`, `target_param3`, `target_x`, `target_y`, `target_z`, `target_o`, `comment`) VALUES ('95800', '0', '2', '0', '11', '0', '100', '0', '0', '0', '0', '0', '', '60', '1', '0', '0', '0', '0', '0', '1', '0', '0', '0', '0', '0', '0', '0', 'Disable grave');
INSERT INTO `smart_scripts` (`entryorguid`, `source_type`, `id`, `link`, `event_type`, `event_phase_mask`, `event_chance`, `event_flags`, `event_param1`, `event_param2`, `event_param3`, `event_param4`, `event_param_string`, `action_type`, `action_param1`, `action_param2`, `action_param3`, `action_param4`, `action_param5`, `action_param6`, `target_type`, `target_param1`, `target_param2`, `target_param3`, `target_x`, `target_y`, `target_z`, `target_o`, `comment`) VALUES ('999997', '0', '0', '0', '10', '0', '100', '0', '1', '3', '1000', '1000', '', '33', '999996', '0', '0', '0', '0', '0', '7', '0', '0', '0', '0', '0', '0', '0', 'kill credit quest');

INSERT INTO `gossip_menu_option` (`MenuId`, `OptionIndex`, `OptionIcon`, `OptionText`, `OptionBroadcastTextId`, `OptionType`, `OptionNpcFlag`, `VerifiedBuild`) VALUES ('999914', '0', '0', 'I\'m ready. We have to find Malfurion!', '0', '1', '1', '0');
INSERT INTO `gossip_menu_option_locale` (`MenuId`, `OptionIndex`, `Locale`, `OptionText`, `BoxText`) VALUES ('999914', '0', 'ruRU', 'Я готов, Изера. Мы должны найти Малфуриона!', NULL);

INSERT INTO `conditions` (`SourceTypeOrReferenceId`, `SourceGroup`, `SourceEntry`, `SourceId`, `ElseGroup`, `ConditionTypeOrReference`, `ConditionTarget`, `ConditionValue1`, `ConditionValue2`, `ConditionValue3`, `NegativeCondition`, `ErrorType`, `ErrorTextId`, `ScriptName`, `Comment`) VALUES ('15', '999914', '0', '0', '0', '14', '0', '38595', '0', '0', '1', '0', '0', '', 'Use gossip only add quest');

INSERT INTO `waypoints` (`entry`, `pointid`, `position_x`, `position_y`, `position_z`, `point_comment`) VALUES ('9999995', '1', '2617.14', '6738.02', '148.257', '0');
INSERT INTO `waypoints` (`entry`, `pointid`, `position_x`, `position_y`, `position_z`, `point_comment`) VALUES ('9999995', '2', '2565.96', '6728.27', '171.956', '0');
INSERT INTO `waypoints` (`entry`, `pointid`, `position_x`, `position_y`, `position_z`, `point_comment`) VALUES ('9999995', '3', '2500.37', '6697.46', '183.159', '0');
INSERT INTO `waypoints` (`entry`, `pointid`, `position_x`, `position_y`, `position_z`, `point_comment`) VALUES ('9999995', '4', '2474.24', '6663.82', '193.296', '0');
INSERT INTO `waypoints` (`entry`, `pointid`, `position_x`, `position_y`, `position_z`, `point_comment`) VALUES ('9999995', '5', '2479.19', '6610.7', '212.34', '0');
INSERT INTO `waypoints` (`entry`, `pointid`, `position_x`, `position_y`, `position_z`, `point_comment`) VALUES ('9999995', '6', '2486.78', '6534.11', '216.382', '0');
INSERT INTO `waypoints` (`entry`, `pointid`, `position_x`, `position_y`, `position_z`, `point_comment`) VALUES ('9999995', '7', '2512.26', '6503.83', '216.675', '0');
INSERT INTO `waypoints` (`entry`, `pointid`, `position_x`, `position_y`, `position_z`, `point_comment`) VALUES ('9999995', '8', '2544.87', '6474.58', '223.618', '0');
INSERT INTO `waypoints` (`entry`, `pointid`, `position_x`, `position_y`, `position_z`, `point_comment`) VALUES ('9999995', '9', '2579.87', '6437.02', '232.769', '0');
INSERT INTO `waypoints` (`entry`, `pointid`, `position_x`, `position_y`, `position_z`, `point_comment`) VALUES ('9999995', '10', '2615.66', '6420.02', '234.952', '0');
INSERT INTO `waypoints` (`entry`, `pointid`, `position_x`, `position_y`, `position_z`, `point_comment`) VALUES ('9999995', '11', '2651.12', '6402.4', '252.116', '0');
INSERT INTO `waypoints` (`entry`, `pointid`, `position_x`, `position_y`, `position_z`, `point_comment`) VALUES ('9999995', '12', '2680.94', '6377.79', '248.479', '0');
INSERT INTO `waypoints` (`entry`, `pointid`, `position_x`, `position_y`, `position_z`, `point_comment`) VALUES ('9999995', '13', '2711.43', '6342.58', '243.348', '0');
INSERT INTO `waypoints` (`entry`, `pointid`, `position_x`, `position_y`, `position_z`, `point_comment`) VALUES ('9999995', '14', '2717.93', '6311.59', '236.522', '0');
INSERT INTO `waypoints` (`entry`, `pointid`, `position_x`, `position_y`, `position_z`, `point_comment`) VALUES ('9999995', '15', '2711.69', '6288.91', '230.246', '0');
INSERT INTO `waypoints` (`entry`, `pointid`, `position_x`, `position_y`, `position_z`, `point_comment`) VALUES ('9999995', '16', '2706', '6259.66', '224.66', '0');

UPDATE `quest_objectives` SET `ID`='278279', `QuestID`='38595', `Type`='0', `Order`='0', `StorageIndex`='0', `ObjectID`='999996', `Amount`='1', `Flags`='0', `Flags2`='0', `ProgressBarWeight`='0', `Description`='Ride Ysera to the Nightmare', `VerifiedBuild`='25996' WHERE (`ID`='278279');


---fix quest 38225
DELETE FROM creature_queststarter WHERE quest IN (38225);
UPDATE `quest_objectives` SET `ID`='277541', `QuestID`='3822500', `Type`='0', `Order`='0', `StorageIndex`='1', `ObjectID`='91130', `Amount`='1', `Flags`='0', `Flags2`='0', `ProgressBarWeight`='0', `Description`='', `VerifiedBuild`='25996' WHERE (`ID`='277541');
UPDATE `creature_queststarter` SET `id`='91066', `quest`='3822500' WHERE (`id`='91066') AND (`quest`='3822500');
UPDATE `creature_questender` SET `id`='91066', `quest`='3822500' WHERE (`id`='91066') AND (`quest`='3822500');

INSERT INTO `quest_template_locale` (`ID`, `locale`, `LogTitle`, `LogDescription`, `QuestDescription`, `AreaDescription`, `PortraitGiverText`, `PortraitGiverName`, `PortraitTurnInText`, `PortraitTurnInName`, `QuestCompletionLog`, `VerifiedBuild`) VALUES ('3822500', 'deDE', 'Tod der Hexenmutter!', 'Tötet Magula.', 'Die unzähligen Jahre meines Lebens habe ich dem Erlernen und Perfektionieren der Heil- und Regenerationskünste gewidmet.$b$bNichts in der Welt quält mich mehr, als Leben zu nehmen, $gReisender:Reisende;.$b$bUnd darum verurteile ich nur schweren Herzens Magula, die Anführerin der Harpyien, die diesen Hain bedrohen, zum Tode.$b$bMöge ihr Tod das Leben edlerer Lebewesen retten.', '', '', 'Magula', '', '', '', '25549');
INSERT INTO `quest_template_locale` (`ID`, `locale`, `LogTitle`, `LogDescription`, `QuestDescription`, `AreaDescription`, `PortraitGiverText`, `PortraitGiverName`, `PortraitTurnInText`, `PortraitTurnInName`, `QuestCompletionLog`, `VerifiedBuild`) VALUES ('3822500', 'itIT', 'Morte alla Strega Madre', 'Uccidi Magula.', 'Gli innumerevoli anni della mia vita sono stati dedicati all\'apprendimento e al perfezionamento delle arti di cura e rigenerazione.$b$bNiente in questo mondo mi arreca più dolore che uccidere qualcuno, viandante.$b$bÈ con grande rammarico che devo chiederti di uccidere Magula, la creatura a capo delle Arpie che minacciano questo boschetto.$b$bPossa la sua morte salvare quella di altri nobili esseri.', '', '', 'Magula', '', '', '', '25549');
INSERT INTO `quest_template_locale` (`ID`, `locale`, `LogTitle`, `LogDescription`, `QuestDescription`, `AreaDescription`, `PortraitGiverText`, `PortraitGiverName`, `PortraitTurnInText`, `PortraitTurnInName`, `QuestCompletionLog`, `VerifiedBuild`) VALUES ('3822500', 'esES', 'Matar a la bruja madre', 'Mata a Magula.', 'He dedicado innumerables años de mi vida a aprender y perfeccionar las artes de la sanación y la restauración.$B$BNada en este mundo me duele más que arrebatar una vida, $gviajero:viajera;.$B$BMuy a mi pesar, debo ordenar la muerte de Magula, la líder de las arpías que amenazan esta arboleda.$B$BOjalá su muerte salve la vida a seres más nobles.', '', '', 'Magula', '', '', '', '25549');
INSERT INTO `quest_template_locale` (`ID`, `locale`, `LogTitle`, `LogDescription`, `QuestDescription`, `AreaDescription`, `PortraitGiverText`, `PortraitGiverName`, `PortraitTurnInText`, `PortraitTurnInName`, `QuestCompletionLog`, `VerifiedBuild`) VALUES ('3822500', 'ptBR', 'Morte à Bruxa Matriarca', 'Mate Magula.', 'Os incontáveis anos da minha vida foram dedicados ao aperfeiçoamento da arte da cura e da restauração.$b$bNada nesse mundo me dói mais do que tirar uma vida, viajante.$b$bÉ com o coração pesado que exijo a morte de Magula, a líder das harpias que ameaçam este bosque.$b$bQue sua morte sirva para salvar a vida de criaturas mais nobres.', '', '', 'Magula', '', '', '', '25549');
INSERT INTO `quest_template_locale` (`ID`, `locale`, `LogTitle`, `LogDescription`, `QuestDescription`, `AreaDescription`, `PortraitGiverText`, `PortraitGiverName`, `PortraitTurnInText`, `PortraitTurnInName`, `QuestCompletionLog`, `VerifiedBuild`) VALUES ('3822500', 'koKR', '마녀어미에게 죽음을', '마굴라를 처치해야 합니다.', '나는 아득히 오래전부터 치유와 회복 기술을 배우고 익히는 데 전념했지.$b$b누군가를 해친다는 생각만으로도 끔찍하게 고통스럽다.$b$b그런 내가 이런 부탁을 하자니 마음이 참 무겁군. 이 숲을 위협하는 하피 떼의 우두머리인 마굴라를 처치해다오.$b$b마굴라의 죽음이 더 귀중한 생명을 살릴 수 있기를.', '', '', '마굴라', '', '', '', '25549');
INSERT INTO `quest_template_locale` (`ID`, `locale`, `LogTitle`, `LogDescription`, `QuestDescription`, `AreaDescription`, `PortraitGiverText`, `PortraitGiverName`, `PortraitTurnInText`, `PortraitTurnInName`, `QuestCompletionLog`, `VerifiedBuild`) VALUES ('3822500', 'zhCN', '巫母之死', '消灭玛古拉。', '我这漫长的一生都致力于学习并完善治疗与恢复的艺术。$b$b世上让我最痛心的事莫过于杀生，旅行者。$b$b我怀着无比沉痛的心情委托你去消灭鹰身人的首领玛古拉，她们已经威胁到了这片林地。$b$b但愿她的死亡能够挽救更多高贵的生命。', '', '', '玛古拉', '', '', '', '25549');
INSERT INTO `quest_template_locale` (`ID`, `locale`, `LogTitle`, `LogDescription`, `QuestDescription`, `AreaDescription`, `PortraitGiverText`, `PortraitGiverName`, `PortraitTurnInText`, `PortraitTurnInName`, `QuestCompletionLog`, `VerifiedBuild`) VALUES ('3822500', 'zhTW', '巫母受死', '殺死瑪古菈。', '我將數不盡的歲月投注於學習和精進治療與恢復的技藝。$b$b這世上最讓我痛苦的事莫過於殺生，旅行者。$b$b我必須懷著無比沉痛的心情委託你殺死瑪古菈，殺死威脅這片林地的鷹身人首領。$b$b願她的死亡能夠挽救更多高貴的生命。', '', '', '瑪古菈', '', '', '', '25549');
INSERT INTO `quest_template_locale` (`ID`, `locale`, `LogTitle`, `LogDescription`, `QuestDescription`, `AreaDescription`, `PortraitGiverText`, `PortraitGiverName`, `PortraitTurnInText`, `PortraitTurnInName`, `QuestCompletionLog`, `VerifiedBuild`) VALUES ('3822500', 'ruRU', 'Смерть ведьме-матери!', 'Убейте Магулу.', 'Я давно потерял счет годам, прожитым мною на этой земле, – и все это время было посвящено изучению и совершествованию искусства исцеления.$b$bНичто в этом мире не ранит меня больнее, чем необходимость отнять чужую жизнь.$b$bС болью в сердце я вынужден просить тебя убить Магулу, предводительницу гарпий, которые угрожают нашей роще.$b$bПусть ее смерть станет залогом процветания более благородных созданий природы.', '', '', 'Магула', '', '', '', '25549');
INSERT INTO `quest_template_locale` (`ID`, `locale`, `LogTitle`, `LogDescription`, `QuestDescription`, `AreaDescription`, `PortraitGiverText`, `PortraitGiverName`, `PortraitTurnInText`, `PortraitTurnInName`, `QuestCompletionLog`, `VerifiedBuild`) VALUES ('3822500', 'esMX', 'Muerte a la Bruja Madre', 'Asesina a Magula.', 'Dediqué innumerables años de mi vida a aprender y perfeccionar las artes de la sanación y la restauración.$b$bNada en este mundo me duele más que tomar una vida, $Gviajero:viajera;.$b$bEs con mucha tristeza que debo encomendarte la muerte de Magula, la líder de las arpías que amenazan esta arboleda.$b$bQue su muerte salve las vidas de muchos seres nobles.', '', '', 'Magula', '', '', '', '25549');
INSERT INTO `quest_template_locale` (`ID`, `locale`, `LogTitle`, `LogDescription`, `QuestDescription`, `AreaDescription`, `PortraitGiverText`, `PortraitGiverName`, `PortraitTurnInText`, `PortraitTurnInName`, `QuestCompletionLog`, `VerifiedBuild`) VALUES ('3822500', 'frFR', 'Mort à la mère sorcière', 'Tuez Magula.', 'J’ai passé le plus clair de ma vie à apprendre les arts de la guérison et de la restauration, et à me perfectionner dans leur utilisation.$b$bRien ne peut me peiner plus que de prendre une vie, $gvoyageur:voyageuse;.$b$bC’est donc le cœur gros que je vous demande de tuer Magula, qui dirige les harpies infestant ce bosquet.$b$bPuisse sa mort sauver la vie d’êtres plus nobles qu’elle !', '', '', 'Magula', '', '', '', '26365');

INSERT INTO `quest_poi` (`QuestID`, `BlobIndex`, `Idx1`, `ObjectiveIndex`, `QuestObjectiveID`, `QuestObjectID`, `MapID`, `WorldMapAreaId`, `Floor`, `Priority`, `Flags`, `WorldEffectID`, `PlayerConditionID`, `WoDUnk1`, `AlwaysAllowMergingBlobs`, `VerifiedBuild`) VALUES ('3822500', '0', '2', '32', '0', '0', '1220', '1018', '0', '0', '0', '0', '0', '999965', '0', '22908');
INSERT INTO `quest_poi` (`QuestID`, `BlobIndex`, `Idx1`, `ObjectiveIndex`, `QuestObjectiveID`, `QuestObjectID`, `MapID`, `WorldMapAreaId`, `Floor`, `Priority`, `Flags`, `WorldEffectID`, `PlayerConditionID`, `WoDUnk1`, `AlwaysAllowMergingBlobs`, `VerifiedBuild`) VALUES ('3822500', '0', '1', '0', '277541', '91130', '1220', '1018', '0', '0', '0', '0', '0', '1000408', '0', '22908');
INSERT INTO `quest_poi` (`QuestID`, `BlobIndex`, `Idx1`, `ObjectiveIndex`, `QuestObjectiveID`, `QuestObjectID`, `MapID`, `WorldMapAreaId`, `Floor`, `Priority`, `Flags`, `WorldEffectID`, `PlayerConditionID`, `WoDUnk1`, `AlwaysAllowMergingBlobs`, `VerifiedBuild`) VALUES ('3822500', '0', '0', '-1', '0', '0', '1220', '1018', '0', '0', '0', '0', '0', '999965', '0', '22908');

INSERT INTO `quest_poi_points` (`QuestID`, `Idx1`, `Idx2`, `X`, `Y`, `VerifiedBuild`) VALUES ('3822500', '2', '0', '2387', '6914', '22908');
INSERT INTO `quest_poi_points` (`QuestID`, `Idx1`, `Idx2`, `X`, `Y`, `VerifiedBuild`) VALUES ('3822500', '1', '0', '2071', '7065', '22908');
INSERT INTO `quest_poi_points` (`QuestID`, `Idx1`, `Idx2`, `X`, `Y`, `VerifiedBuild`) VALUES ('3822500', '0', '0', '2387', '6914', '22908');

INSERT INTO `quest_template` (`ID`, `QuestType`, `QuestLevel`, `MaxScalingLevel`, `QuestPackageID`, `MinLevel`, `QuestSortID`, `QuestInfoID`, `SuggestedGroupNum`, `RewardNextQuest`, `RewardXPDifficulty`, `RewardXPMultiplier`, `RewardMoney`, `RewardMoneyDifficulty`, `RewardMoneyMultiplier`, `RewardBonusMoney`, `RewardDisplaySpell1`, `RewardDisplaySpell2`, `RewardDisplaySpell3`, `RewardSpell`, `RewardHonor`, `RewardKillHonor`, `StartItem`, `RewardArtifactXPDifficulty`, `RewardArtifactXPMultiplier`, `RewardArtifactCategoryID`, `Flags`, `FlagsEx`, `RewardItem1`, `RewardAmount1`, `RewardItem2`, `RewardAmount2`, `RewardItem3`, `RewardAmount3`, `RewardItem4`, `RewardAmount4`, `ItemDrop1`, `ItemDropQuantity1`, `ItemDrop2`, `ItemDropQuantity2`, `ItemDrop3`, `ItemDropQuantity3`, `ItemDrop4`, `ItemDropQuantity4`, `RewardChoiceItemID1`, `RewardChoiceItemQuantity1`, `RewardChoiceItemDisplayID1`, `RewardChoiceItemID2`, `RewardChoiceItemQuantity2`, `RewardChoiceItemDisplayID2`, `RewardChoiceItemID3`, `RewardChoiceItemQuantity3`, `RewardChoiceItemDisplayID3`, `RewardChoiceItemID4`, `RewardChoiceItemQuantity4`, `RewardChoiceItemDisplayID4`, `RewardChoiceItemID5`, `RewardChoiceItemQuantity5`, `RewardChoiceItemDisplayID5`, `RewardChoiceItemID6`, `RewardChoiceItemQuantity6`, `RewardChoiceItemDisplayID6`, `POIContinent`, `POIx`, `POIy`, `POIPriority`, `RewardTitle`, `RewardArenaPoints`, `RewardSkillLineID`, `RewardNumSkillUps`, `PortraitGiver`, `PortraitTurnIn`, `RewardFactionID1`, `RewardFactionValue1`, `RewardFactionOverride1`, `RewardFactionCapIn1`, `RewardFactionID2`, `RewardFactionValue2`, `RewardFactionOverride2`, `RewardFactionCapIn2`, `RewardFactionID3`, `RewardFactionValue3`, `RewardFactionOverride3`, `RewardFactionCapIn3`, `RewardFactionID4`, `RewardFactionValue4`, `RewardFactionOverride4`, `RewardFactionCapIn4`, `RewardFactionID5`, `RewardFactionValue5`, `RewardFactionOverride5`, `RewardFactionCapIn5`, `RewardFactionFlags`, `RewardCurrencyID1`, `RewardCurrencyQty1`, `RewardCurrencyID2`, `RewardCurrencyQty2`, `RewardCurrencyID3`, `RewardCurrencyQty3`, `RewardCurrencyID4`, `RewardCurrencyQty4`, `AcceptedSoundKitID`, `CompleteSoundKitID`, `AreaGroupID`, `TimeAllowed`, `AllowableRaces`, `QuestRewardID`, `Expansion`, `LogTitle`, `LogDescription`, `QuestDescription`, `AreaDescription`, `PortraitGiverText`, `PortraitGiverName`, `PortraitTurnInText`, `PortraitTurnInName`, `QuestCompletionLog`, `VerifiedBuild`) VALUES ('3822500', '2', '-1', '255', '660', '98', '7558', '0', '0', '0', '5', '1', '50', '5', '1', '150', '0', '0', '0', '0', '0', '0', '0', '0', '1', '0', '168820744', '0', '0', '0', '0', '0', '0', '0', '0', '0', '0', '0', '0', '0', '0', '0', '0', '0', '0', '0', '0', '0', '0', '0', '0', '0', '0', '0', '0', '0', '0', '0', '0', '0', '0', '0', '0', '0', '0', '0', '0', '0', '0', '0', '63598', '0', '1883', '5', '0', '7', '0', '0', '0', '7', '0', '0', '0', '7', '0', '0', '0', '7', '0', '0', '0', '7', '0', '0', '0', '0', '0', '0', '0', '0', '0', '890', '878', '0', '0', '18446744073709551615', '0', '6', 'Death to the Witchmother', 'Slay Magula.', 'The numberless years of my life have been dedicated to learning and perfecting the arts of healing and restoration.$b$bNothing in this world pains me more than taking a life, traveler.$b$bIt is with a heavy heart that I must commission the death of Magula, the leader of the harpies that threaten this grove.$b$bMay her death save the lives of more noble beings.', '', '', 'Magula', '', '', '', '0');


---fix quest 38235
DELETE FROM creature_queststarter WHERE quest IN (38235);
UPDATE `creature_questender` SET `id`='91066', `quest`='3823500' WHERE (`id`='91066') AND (`quest`='3823500');
UPDATE `creature_queststarter` SET `id`='91066', `quest`='3823500' WHERE (`id`='91066') AND (`quest`='3823500');

INSERT INTO `quest_poi_points` (`QuestID`, `Idx1`, `Idx2`, `X`, `Y`, `VerifiedBuild`) VALUES ('3823500', '4', '0', '2387', '6914', '22908');
INSERT INTO `quest_poi_points` (`QuestID`, `Idx1`, `Idx2`, `X`, `Y`, `VerifiedBuild`) VALUES ('3823500', '3', '0', '2199', '7194', '22908');
INSERT INTO `quest_poi_points` (`QuestID`, `Idx1`, `Idx2`, `X`, `Y`, `VerifiedBuild`) VALUES ('3823500', '2', '0', '2171', '7049', '22908');
INSERT INTO `quest_poi_points` (`QuestID`, `Idx1`, `Idx2`, `X`, `Y`, `VerifiedBuild`) VALUES ('3823500', '1', '0', '2374', '7168', '22908');
INSERT INTO `quest_poi_points` (`QuestID`, `Idx1`, `Idx2`, `X`, `Y`, `VerifiedBuild`) VALUES ('3823500', '0', '0', '2387', '6914', '22908');
INSERT INTO `quest_poi` (`QuestID`, `BlobIndex`, `Idx1`, `ObjectiveIndex`, `QuestObjectiveID`, `QuestObjectID`, `MapID`, `WorldMapAreaId`, `Floor`, `Priority`, `Flags`, `WorldEffectID`, `PlayerConditionID`, `WoDUnk1`, `AlwaysAllowMergingBlobs`, `VerifiedBuild`) VALUES ('3823500', '0', '4', '32', '0', '0', '1220', '1018', '0', '0', '0', '0', '0', '999965', '0', '22908');
INSERT INTO `quest_poi` (`QuestID`, `BlobIndex`, `Idx1`, `ObjectiveIndex`, `QuestObjectiveID`, `QuestObjectID`, `MapID`, `WorldMapAreaId`, `Floor`, `Priority`, `Flags`, `WorldEffectID`, `PlayerConditionID`, `WoDUnk1`, `AlwaysAllowMergingBlobs`, `VerifiedBuild`) VALUES ('3823500', '0', '3', '2', '278646', '93644', '1220', '1018', '0', '0', '0', '0', '0', '1020927', '0', '22908');
INSERT INTO `quest_poi` (`QuestID`, `BlobIndex`, `Idx1`, `ObjectiveIndex`, `QuestObjectiveID`, `QuestObjectID`, `MapID`, `WorldMapAreaId`, `Floor`, `Priority`, `Flags`, `WorldEffectID`, `PlayerConditionID`, `WoDUnk1`, `AlwaysAllowMergingBlobs`, `VerifiedBuild`) VALUES ('3823500', '0', '2', '1', '278645', '93640', '1220', '1018', '0', '0', '0', '0', '0', '1001827', '0', '22908');
INSERT INTO `quest_poi` (`QuestID`, `BlobIndex`, `Idx1`, `ObjectiveIndex`, `QuestObjectiveID`, `QuestObjectID`, `MapID`, `WorldMapAreaId`, `Floor`, `Priority`, `Flags`, `WorldEffectID`, `PlayerConditionID`, `WoDUnk1`, `AlwaysAllowMergingBlobs`, `VerifiedBuild`) VALUES ('3823500', '0', '1', '0', '277559', '93602', '1220', '1018', '0', '0', '0', '0', '0', '1000552', '0', '22908');
INSERT INTO `quest_poi` (`QuestID`, `BlobIndex`, `Idx1`, `ObjectiveIndex`, `QuestObjectiveID`, `QuestObjectID`, `MapID`, `WorldMapAreaId`, `Floor`, `Priority`, `Flags`, `WorldEffectID`, `PlayerConditionID`, `WoDUnk1`, `AlwaysAllowMergingBlobs`, `VerifiedBuild`) VALUES ('3823500', '0', '0', '-1', '0', '0', '1220', '1018', '0', '0', '0', '0', '0', '999965', '0', '22908');

INSERT INTO `quest_template_locale` (`ID`, `locale`, `LogTitle`, `LogDescription`, `QuestDescription`, `AreaDescription`, `PortraitGiverText`, `PortraitGiverName`, `PortraitTurnInText`, `PortraitTurnInName`, `QuestCompletionLog`, `VerifiedBuild`) VALUES ('3823500', 'deDE', 'Fels in der Brandung', 'Rettet Marnor Lorblatt, Erwind Nebelmoor und Del\'thanar Weisenweide.', 'Cenarius benötigt meine Hilfe?$b$bIch werde baldmöglichst aufbrechen, doch ich kann hier nicht fortgehen, solange meine Druiden in Gefahr sind. Ein bösartiger Hexenzirkel von Harpyien ist aufgetaucht und will meinen Hain übernehmen.$b$bDiese Scheusale verbreiten eine versteinernde Krankheit, die alle Befallenen mit der Zeit dahinrafft.$b$bIch möchte natürlich, dass alle meine Anhänger gerettet werden, doch es ist von höchster Bedeutung, dass meine ältesten Schüler überleben, um den Hain in meiner Abwesenheit zu schützen.$b$bWenn Ihr uns helfen möchtet, dann findet meine Schüler und weckt sie aus diesem furchtbaren Zustand auf.', '', '', '', '', '', '', '25549');
INSERT INTO `quest_template_locale` (`ID`, `locale`, `LogTitle`, `LogDescription`, `QuestDescription`, `AreaDescription`, `PortraitGiverText`, `PortraitGiverName`, `PortraitTurnInText`, `PortraitTurnInName`, `QuestCompletionLog`, `VerifiedBuild`) VALUES ('3823500', 'itIT', 'Duro come la roccia', 'Salva Marnor Fogliantica, Erwind Bragofosco e Del\'thanar Legnosaggio.', 'Cenarius ha chiesto di me?$b$bPartirò appena potrò, ma non posso farlo finché i miei Druidi sono in pericolo. Una congrega di Arpie vili ha appena fatto la sua comparsa, minacciando di conquistare il mio boschetto.$b$bQuelle carogne infettano le vittime con una malattia che le pietrifica e, dopo un po\' di tempo, le distrugge.$b$bSebbene desideri che tutti i miei seguaci vengano curati, è fondamentale che quelli più anziani sopravvivano per proteggere il bosco in mia assenza.$b$bSe vuoi aiutarci, trova i miei discepoli e destali da questo terribile stato.', '', '', '', '', '', '', '25549');
INSERT INTO `quest_template_locale` (`ID`, `locale`, `LogTitle`, `LogDescription`, `QuestDescription`, `AreaDescription`, `PortraitGiverText`, `PortraitGiverName`, `PortraitTurnInText`, `PortraitTurnInName`, `QuestCompletionLog`, `VerifiedBuild`) VALUES ('3823500', 'ptBR', 'Duro Feito Rocha', 'Resgate Marnor Lorfolha, Erwind Brumafronde e Del\'thanar Matassábia.', 'Cenarius me chama?$b$bPartirei o mais breve possível, mas não posso abandonar meus druidas no meio deste perigo. As harpias formaram um conventículo e agora tentam tomar nosso bosque para si.$b$bEssas pragas transmitem uma doença petrificante que, com o passar do tempo, destrói o enfermo.$b$bEmbora eu deseje melhoras a todos os meus discípulos, a sobrevivência dos mais velhos é crucial para proteger o bosque na minha ausência.$b$bSe quiser nos ajudar, encontre meus discípulos e livre-os dessa enfermidade atroz.', '', '', '', '', '', '', '25549');
INSERT INTO `quest_template_locale` (`ID`, `locale`, `LogTitle`, `LogDescription`, `QuestDescription`, `AreaDescription`, `PortraitGiverText`, `PortraitGiverName`, `PortraitTurnInText`, `PortraitTurnInName`, `QuestCompletionLog`, `VerifiedBuild`) VALUES ('3823500', 'koKR', '단단한 바위처럼', '마너 롤리프, 어윈드 미스트펜, 델사나르 세이지우드를 구해야 합니다.', '세나리우스 님이 날 부르셨다고?$b$b평소라면 당장 달려가겠지만, 사악한 하피 무리가 호시탐탐 숲을 노리고 있는 상황에서 드루이드 형제자매들을 두고 갈 수는 없다.$b$b하피는 희생자를 돌로 만드는 병을 옮기는데, 이 병에 걸리면 얼마 지나지 않아 목숨을 잃고 말지.$b$b제자 모두가 이 병에서 완쾌되면 바랄 게 없겠지만, 모두 구할 수 없다면 고위 제자들을 우선 구해서 내가 없는 동안 숲을 맡겨야 해.$b$b도울 마음이 있다면 내 제자들이 이 끔찍한 상황에서 벗어날 수 있도록 도와다오.', '', '', '', '', '', '', '25549');
INSERT INTO `quest_template_locale` (`ID`, `locale`, `LogTitle`, `LogDescription`, `QuestDescription`, `AreaDescription`, `PortraitGiverText`, `PortraitGiverName`, `PortraitTurnInText`, `PortraitTurnInName`, `QuestCompletionLog`, `VerifiedBuild`) VALUES ('3823500', 'zhCN', '石化恶疾', '营救玛诺·学叶、厄文·雾沼和德尔萨纳·贤林。', '塞纳留斯需要我？$b$b如果可以的话我肯定会尽快动身，可是其他的德鲁伊正身处险境，我现在不能离开。有一些邪恶的鹰身人女巫在觊觎我的林地，想将这里占为己有。$b$b这些害虫会散播一种石化恶疾，时间一久，就会夺走感染者的生命。$b$b虽然我希望所有的追随者都能得救，但是我们必须优先拯救那些资深的信徒，这样他们才能在我离开的时候保护林地。$b$b如果你愿意伸出援手，请找到我的信徒，并帮助他们脱离危险。', '', '', '', '', '', '', '25549');
INSERT INTO `quest_template_locale` (`ID`, `locale`, `LogTitle`, `LogDescription`, `QuestDescription`, `AreaDescription`, `PortraitGiverText`, `PortraitGiverName`, `PortraitTurnInText`, `PortraitTurnInName`, `QuestCompletionLog`, `VerifiedBuild`) VALUES ('3823500', 'zhTW', '堅如磐石', '救出瑪諾‧洛葉、厄文‧霧窪和德爾薩納‧賢木。', '塞納留斯需要我？$b$b我會盡快動身，但在其他德魯伊還身陷危機的時候，我不能離開。邪惡的鷹身人企圖將我的林地佔為己有。$b$b這些害蟲帶來了石化疾病，一旦拖久了就會摧毀受感染者。$b$b雖然我希望所有夥伴都能得救，但我們必須先拯救年長的門徒，這樣他們才能在我不在的時間中保護林地。$b$b如果你願意協助我們，請找到我的門徒，並幫助他們脫離險境。', '', '', '', '', '', '', '25549');
INSERT INTO `quest_template_locale` (`ID`, `locale`, `LogTitle`, `LogDescription`, `QuestDescription`, `AreaDescription`, `PortraitGiverText`, `PortraitGiverName`, `PortraitTurnInText`, `PortraitTurnInName`, `QuestCompletionLog`, `VerifiedBuild`) VALUES ('3823500', 'ruRU', 'Тверже камня', 'Спасите Марнора Повелителя Листьев, Эрвинда Туманную Топь и Дель\'танара Мудрость Лесов.', 'Кенарий требует меня к себе?$b$bЯ отправлюсь к нему, как только представится возможность, но пока мне нельзя оставлять своих друидов в такой тяжелый час. Неподалеку обосновалось племя ведьм-гарпий, которые хотят отобрать у нас нашу рощу.$b$bЭти твари заражают моих собратьев какой-то ужасной болезнью – она превращает жертву в камень и со временем убивает ее окончательно.$b$bМне бы хотелось исцелить всех своих последователей, но в первую очередь нужно спасти моих старших учеников, которые смогут защитить рощу в мое отсутствие.$b$bЕсли ты желаешь нам помочь, отыщи моих учеников и помоги им выйти из этого каменного ступора.', '', '', '', '', '', '', '25549');
INSERT INTO `quest_template_locale` (`ID`, `locale`, `LogTitle`, `LogDescription`, `QuestDescription`, `AreaDescription`, `PortraitGiverText`, `PortraitGiverName`, `PortraitTurnInText`, `PortraitTurnInName`, `QuestCompletionLog`, `VerifiedBuild`) VALUES ('3823500', 'esES', 'Sólido como una roca', 'Rescata a Marnor Lorhoja, Ventus Brumazal y Del\'thanar Troncosabio.', '¿Cenarius me necesita?$b$bPartiré en cuanto pueda, pero no debo irme mientras mis druidas están en peligro. Ha surgido un aquelarre de viles arpías que quieren apoderarse de mi arboleda.$b$bEsas alimañas transmiten una enfermedad petrificante que, con tiempo suficiente, acaba con el infectado.$b$bAunque desearía que todos mis seguidores se curaran, es crucial que mis discípulos de más edad sobrevivan para proteger la arboleda en mi ausencia.$b$bSi deseas ayudarnos, encuentra a mis discípulos y despiértalos de tan horrible estado.', '', '', '', '', '', '', '25549');
INSERT INTO `quest_template_locale` (`ID`, `locale`, `LogTitle`, `LogDescription`, `QuestDescription`, `AreaDescription`, `PortraitGiverText`, `PortraitGiverName`, `PortraitTurnInText`, `PortraitTurnInName`, `QuestCompletionLog`, `VerifiedBuild`) VALUES ('3823500', 'esMX', 'Sólido como una roca', 'Rescata a Marnor Hojalor, Erwind Nieblabroza y Del\'thanar Madera Sabia.', '¿Cenarius me necesita?$b$bPartiré tan pronto pueda, pero no puedo alejarme mientras mis druidas estén en crisis. Hay un aquelarre vil de arpías que busca reclamar mi arboleda como suya.$b$bEstas alimañas infligen una terrible enfermedad petrificadora que, con el tiempo, destruye a los infectados.$b$bAunque rezo para que todos mis seguidores sean curados, es crucial que mis discípulos más ancianos sobrevivan para proteger la arboleda en mi ausencia.$b$bSi quieres ayudarnos, encuentra a mis discípulos y sácalos de ese deplorable estado.', '', '', '', '', '', '', '25549');
INSERT INTO `quest_template_locale` (`ID`, `locale`, `LogTitle`, `LogDescription`, `QuestDescription`, `AreaDescription`, `PortraitGiverText`, `PortraitGiverName`, `PortraitTurnInText`, `PortraitTurnInName`, `QuestCompletionLog`, `VerifiedBuild`) VALUES ('3823500', 'frFR', 'Solide comme un roc', 'Secourez Marnor Lorfeuille, Erwind Tourbebrume et Del’thanar Saugebois.', 'Cénarius a besoin de moi ?$b$bJe me mettrai en route dès que possible, mais je ne puis laisser mes druides faire face au danger seuls. Un groupe de harpies malfaisantes est venu s’installer dans la région et cherche à s’emparer de mon bosquet.$b$bCes ignobles créatures véhiculent une maladie pétrifiante qui finit par tuer ceux qui en sont atteints.$b$bJe souhaite bien entendu la guérison de tous mes disciples, mais si cela n’est pas possible, il est crucial que les plus âgés d’entre eux au moins survivent pour protéger le bosquet en mon absence.$b$bSi vous voulez bien nous aider, retrouvez mes disciples et portez-vous à leur secours.', '', '', '', '', '', '', '26365');

INSERT INTO `quest_template` (`ID`, `QuestType`, `QuestLevel`, `MaxScalingLevel`, `QuestPackageID`, `MinLevel`, `QuestSortID`, `QuestInfoID`, `SuggestedGroupNum`, `RewardNextQuest`, `RewardXPDifficulty`, `RewardXPMultiplier`, `RewardMoney`, `RewardMoneyDifficulty`, `RewardMoneyMultiplier`, `RewardBonusMoney`, `RewardDisplaySpell1`, `RewardDisplaySpell2`, `RewardDisplaySpell3`, `RewardSpell`, `RewardHonor`, `RewardKillHonor`, `StartItem`, `RewardArtifactXPDifficulty`, `RewardArtifactXPMultiplier`, `RewardArtifactCategoryID`, `Flags`, `FlagsEx`, `RewardItem1`, `RewardAmount1`, `RewardItem2`, `RewardAmount2`, `RewardItem3`, `RewardAmount3`, `RewardItem4`, `RewardAmount4`, `ItemDrop1`, `ItemDropQuantity1`, `ItemDrop2`, `ItemDropQuantity2`, `ItemDrop3`, `ItemDropQuantity3`, `ItemDrop4`, `ItemDropQuantity4`, `RewardChoiceItemID1`, `RewardChoiceItemQuantity1`, `RewardChoiceItemDisplayID1`, `RewardChoiceItemID2`, `RewardChoiceItemQuantity2`, `RewardChoiceItemDisplayID2`, `RewardChoiceItemID3`, `RewardChoiceItemQuantity3`, `RewardChoiceItemDisplayID3`, `RewardChoiceItemID4`, `RewardChoiceItemQuantity4`, `RewardChoiceItemDisplayID4`, `RewardChoiceItemID5`, `RewardChoiceItemQuantity5`, `RewardChoiceItemDisplayID5`, `RewardChoiceItemID6`, `RewardChoiceItemQuantity6`, `RewardChoiceItemDisplayID6`, `POIContinent`, `POIx`, `POIy`, `POIPriority`, `RewardTitle`, `RewardArenaPoints`, `RewardSkillLineID`, `RewardNumSkillUps`, `PortraitGiver`, `PortraitTurnIn`, `RewardFactionID1`, `RewardFactionValue1`, `RewardFactionOverride1`, `RewardFactionCapIn1`, `RewardFactionID2`, `RewardFactionValue2`, `RewardFactionOverride2`, `RewardFactionCapIn2`, `RewardFactionID3`, `RewardFactionValue3`, `RewardFactionOverride3`, `RewardFactionCapIn3`, `RewardFactionID4`, `RewardFactionValue4`, `RewardFactionOverride4`, `RewardFactionCapIn4`, `RewardFactionID5`, `RewardFactionValue5`, `RewardFactionOverride5`, `RewardFactionCapIn5`, `RewardFactionFlags`, `RewardCurrencyID1`, `RewardCurrencyQty1`, `RewardCurrencyID2`, `RewardCurrencyQty2`, `RewardCurrencyID3`, `RewardCurrencyQty3`, `RewardCurrencyID4`, `RewardCurrencyQty4`, `AcceptedSoundKitID`, `CompleteSoundKitID`, `AreaGroupID`, `TimeAllowed`, `AllowableRaces`, `QuestRewardID`, `Expansion`, `LogTitle`, `LogDescription`, `QuestDescription`, `AreaDescription`, `PortraitGiverText`, `PortraitGiverName`, `PortraitTurnInText`, `PortraitTurnInName`, `QuestCompletionLog`, `VerifiedBuild`) VALUES ('3823500', '2', '-1', '255', '0', '98', '7558', '0', '0', '0', '5', '1', '50', '5', '1', '150', '0', '0', '0', '0', '0', '0', '0', '0', '1', '0', '40894472', '0', '0', '0', '0', '0', '0', '0', '0', '0', '0', '0', '0', '0', '0', '0', '0', '0', '0', '0', '0', '0', '0', '0', '0', '0', '0', '0', '0', '0', '0', '0', '0', '0', '0', '0', '0', '0', '0', '0', '0', '0', '0', '0', '0', '0', '1883', '4', '0', '7', '0', '0', '0', '7', '0', '0', '0', '7', '0', '0', '0', '7', '0', '0', '0', '7', '0', '0', '0', '0', '0', '0', '0', '0', '0', '890', '878', '0', '0', '18446744073709551615', '0', '6', 'Solid as a Rock', 'Rescue Marnor Lorleaf, Erwind Mistfen and Del\'thanar Sagewood.', 'Cenarius requires me?$b$bI shall depart as soon as I am able, but I mustn\'t leave while my druids are in danger. A vile harpy coven has emerged and seeks to claim my grove as their own.$b$bThese vermin inflict a petrifying disease which, given time, will destroy the infected.$b$bWhile I wish for all of my followers to be cured, it is crucial that my elder disciples survive to protect the grove in my absence.$b$bIf you would assist us, find my disciples and rouse them from this terrible state.', '', '', '', '', '', '', '0');

INSERT INTO `waypoints` (`entry`, `pointid`, `position_x`, `position_y`, `position_z`, `point_comment`) VALUES ('9999996', '1', '2173.64', '7040.3', '68.2115', NULL);
INSERT INTO `waypoints` (`entry`, `pointid`, `position_x`, `position_y`, `position_z`, `point_comment`) VALUES ('9999997', '1', '2198.76', '7193.32', '57.8534', NULL);
INSERT INTO `waypoints` (`entry`, `pointid`, `position_x`, `position_y`, `position_z`, `point_comment`) VALUES ('9999998', '1', '2385.3', '7193.23', '71.427', NULL);

INSERT INTO `smart_scripts` (`entryorguid`, `source_type`, `id`, `link`, `event_type`, `event_phase_mask`, `event_chance`, `event_flags`, `event_param1`, `event_param2`, `event_param3`, `event_param4`, `event_param_string`, `action_type`, `action_param1`, `action_param2`, `action_param3`, `action_param4`, `action_param5`, `action_param6`, `target_type`, `target_param1`, `target_param2`, `target_param3`, `target_x`, `target_y`, `target_z`, `target_o`, `comment`) VALUES ('93640', '0', '0', '0', '62', '0', '100', '0', '999915', '0', '0', '0', '', '33', '93601', '0', '0', '0', '0', '0', '7', '0', '0', '0', '0', '0', '0', '0', 'kill credit');
INSERT INTO `smart_scripts` (`entryorguid`, `source_type`, `id`, `link`, `event_type`, `event_phase_mask`, `event_chance`, `event_flags`, `event_param1`, `event_param2`, `event_param3`, `event_param4`, `event_param_string`, `action_type`, `action_param1`, `action_param2`, `action_param3`, `action_param4`, `action_param5`, `action_param6`, `target_type`, `target_param1`, `target_param2`, `target_param3`, `target_x`, `target_y`, `target_z`, `target_o`, `comment`) VALUES ('93640', '0', '1', '0', '62', '0', '100', '0', '999915', '0', '0', '0', '', '53', '1', '9999996', '0', '0', '0', '0', '1', '0', '0', '0', '0', '0', '0', '0', 'wp start');
INSERT INTO `smart_scripts` (`entryorguid`, `source_type`, `id`, `link`, `event_type`, `event_phase_mask`, `event_chance`, `event_flags`, `event_param1`, `event_param2`, `event_param3`, `event_param4`, `event_param_string`, `action_type`, `action_param1`, `action_param2`, `action_param3`, `action_param4`, `action_param5`, `action_param6`, `target_type`, `target_param1`, `target_param2`, `target_param3`, `target_x`, `target_y`, `target_z`, `target_o`, `comment`) VALUES ('93640', '0', '2', '0', '58', '0', '100', '0', '0', '0', '0', '0', '', '41', '15000', '25', '0', '0', '0', '0', '1', '0', '0', '0', '0', '0', '0', '0', 'despawn');
INSERT INTO `smart_scripts` (`entryorguid`, `source_type`, `id`, `link`, `event_type`, `event_phase_mask`, `event_chance`, `event_flags`, `event_param1`, `event_param2`, `event_param3`, `event_param4`, `event_param_string`, `action_type`, `action_param1`, `action_param2`, `action_param3`, `action_param4`, `action_param5`, `action_param6`, `target_type`, `target_param1`, `target_param2`, `target_param3`, `target_x`, `target_y`, `target_z`, `target_o`, `comment`) VALUES ('93644', '0', '0', '0', '62', '0', '100', '0', '999915', '0', '0', '0', '', '33', '999998', '0', '0', '0', '0', '0', '7', '0', '0', '0', '0', '0', '0', '0', 'kill credit');
INSERT INTO `smart_scripts` (`entryorguid`, `source_type`, `id`, `link`, `event_type`, `event_phase_mask`, `event_chance`, `event_flags`, `event_param1`, `event_param2`, `event_param3`, `event_param4`, `event_param_string`, `action_type`, `action_param1`, `action_param2`, `action_param3`, `action_param4`, `action_param5`, `action_param6`, `target_type`, `target_param1`, `target_param2`, `target_param3`, `target_x`, `target_y`, `target_z`, `target_o`, `comment`) VALUES ('93644', '0', '1', '0', '62', '0', '100', '0', '999915', '0', '0', '0', '', '53', '1', '9999997', '0', '0', '0', '0', '1', '0', '0', '0', '0', '0', '0', '0', 'wp start');
INSERT INTO `smart_scripts` (`entryorguid`, `source_type`, `id`, `link`, `event_type`, `event_phase_mask`, `event_chance`, `event_flags`, `event_param1`, `event_param2`, `event_param3`, `event_param4`, `event_param_string`, `action_type`, `action_param1`, `action_param2`, `action_param3`, `action_param4`, `action_param5`, `action_param6`, `target_type`, `target_param1`, `target_param2`, `target_param3`, `target_x`, `target_y`, `target_z`, `target_o`, `comment`) VALUES ('93644', '0', '2', '0', '58', '0', '100', '0', '0', '0', '0', '0', '', '41', '15000', '25', '0', '0', '0', '0', '1', '0', '0', '0', '0', '0', '0', '0', 'despawn');
INSERT INTO `smart_scripts` (`entryorguid`, `source_type`, `id`, `link`, `event_type`, `event_phase_mask`, `event_chance`, `event_flags`, `event_param1`, `event_param2`, `event_param3`, `event_param4`, `event_param_string`, `action_type`, `action_param1`, `action_param2`, `action_param3`, `action_param4`, `action_param5`, `action_param6`, `target_type`, `target_param1`, `target_param2`, `target_param3`, `target_x`, `target_y`, `target_z`, `target_o`, `comment`) VALUES ('93602', '0', '0', '0', '62', '0', '100', '0', '999915', '0', '0', '0', '', '33', '999999', '0', '0', '0', '0', '0', '7', '0', '0', '0', '0', '0', '0', '0', 'kill credit');
INSERT INTO `smart_scripts` (`entryorguid`, `source_type`, `id`, `link`, `event_type`, `event_phase_mask`, `event_chance`, `event_flags`, `event_param1`, `event_param2`, `event_param3`, `event_param4`, `event_param_string`, `action_type`, `action_param1`, `action_param2`, `action_param3`, `action_param4`, `action_param5`, `action_param6`, `target_type`, `target_param1`, `target_param2`, `target_param3`, `target_x`, `target_y`, `target_z`, `target_o`, `comment`) VALUES ('93602', '0', '1', '0', '62', '0', '100', '0', '999915', '0', '0', '0', '', '53', '1', '9999998', '0', '0', '0', '0', '1', '0', '0', '0', '0', '0', '0', '0', 'wp start');
INSERT INTO `smart_scripts` (`entryorguid`, `source_type`, `id`, `link`, `event_type`, `event_phase_mask`, `event_chance`, `event_flags`, `event_param1`, `event_param2`, `event_param3`, `event_param4`, `event_param_string`, `action_type`, `action_param1`, `action_param2`, `action_param3`, `action_param4`, `action_param5`, `action_param6`, `target_type`, `target_param1`, `target_param2`, `target_param3`, `target_x`, `target_y`, `target_z`, `target_o`, `comment`) VALUES ('93602', '0', '2', '0', '58', '0', '100', '0', '0', '0', '0', '0', '', '41', '15000', '25', '0', '0', '0', '0', '1', '0', '0', '0', '0', '0', '0', '0', 'despawn');
INSERT INTO `smart_scripts` (`entryorguid`, `source_type`, `id`, `link`, `event_type`, `event_phase_mask`, `event_chance`, `event_flags`, `event_param1`, `event_param2`, `event_param3`, `event_param4`, `event_param_string`, `action_type`, `action_param1`, `action_param2`, `action_param3`, `action_param4`, `action_param5`, `action_param6`, `target_type`, `target_param1`, `target_param2`, `target_param3`, `target_x`, `target_y`, `target_z`, `target_o`, `comment`) VALUES ('93602', '0', '3', '0', '62', '0', '100', '0', '999915', '0', '0', '0', '', '28', '182131', '0', '0', '0', '0', '0', '1', '0', '0', '0', '0', '0', '0', '0', 'unaura root');
INSERT INTO `smart_scripts` (`entryorguid`, `source_type`, `id`, `link`, `event_type`, `event_phase_mask`, `event_chance`, `event_flags`, `event_param1`, `event_param2`, `event_param3`, `event_param4`, `event_param_string`, `action_type`, `action_param1`, `action_param2`, `action_param3`, `action_param4`, `action_param5`, `action_param6`, `target_type`, `target_param1`, `target_param2`, `target_param3`, `target_x`, `target_y`, `target_z`, `target_o`, `comment`) VALUES ('93644', '0', '3', '0', '62', '0', '100', '0', '999915', '0', '0', '0', '', '28', '182131', '0', '0', '0', '0', '0', '1', '0', '0', '0', '0', '0', '0', '0', 'unaura root');
INSERT INTO `smart_scripts` (`entryorguid`, `source_type`, `id`, `link`, `event_type`, `event_phase_mask`, `event_chance`, `event_flags`, `event_param1`, `event_param2`, `event_param3`, `event_param4`, `event_param_string`, `action_type`, `action_param1`, `action_param2`, `action_param3`, `action_param4`, `action_param5`, `action_param6`, `target_type`, `target_param1`, `target_param2`, `target_param3`, `target_x`, `target_y`, `target_z`, `target_o`, `comment`) VALUES ('93640', '0', '3', '0', '62', '0', '100', '0', '999915', '0', '0', '0', '', '28', '182131', '0', '0', '0', '0', '0', '1', '0', '0', '0', '0', '0', '0', '0', 'unaura root');

INSERT INTO `gossip_menu_option` (`MenuId`, `OptionIndex`, `OptionIcon`, `OptionText`, `OptionBroadcastTextId`, `OptionType`, `OptionNpcFlag`, `VerifiedBuild`) VALUES ('999915', '0', '0', 'Please freedom me!', '0', '1', '1', '0');
INSERT INTO `gossip_menu_option_locale` (`MenuId`, `OptionIndex`, `Locale`, `OptionText`, `BoxText`) VALUES ('999915', '0', 'ruRU', 'Пожалуйста, освободи меня!', NULL);

UPDATE `creature_template` SET `entry`='93602', `difficulty_entry_1`='0', `difficulty_entry_2`='0', `difficulty_entry_3`='0', `KillCredit1`='999999', `KillCredit2`='0', `modelid1`='73005', `modelid2`='0', `modelid3`='0', `modelid4`='0', `name`='Marnor Lorleaf', `femaleName`='', `subname`='Disciple of Elothir', `TitleAlt`=NULL, `IconName`='questinteract', `gossip_menu_id`='999915', `minlevel`='103', `maxlevel`='103', `HealthScalingExpansion`='6', `RequiredExpansion`='0', `VignetteID`='0', `faction`='35', `npcflag`='1', `speed_walk`='1.11111', `speed_run`='1.14286', `scale`='1', `rank`='0', `dmgschool`='0', `BaseAttackTime`='2000', `RangeAttackTime`='2000', `BaseVariance`='1', `RangeVariance`='1', `unit_class`='8', `unit_flags`='32768', `unit_flags2`='2131968', `unit_flags3`='0', `dynamicflags`='0', `family`='0', `trainer_type`='0', `trainer_class`='0', `trainer_race`='0', `type`='7', `type_flags`='0', `type_flags2`='0', `lootid`='0', `pickpocketloot`='0', `skinloot`='0', `resistance1`='0', `resistance2`='0', `resistance3`='0', `resistance4`='0', `resistance5`='0', `resistance6`='0', `spell1`='0', `spell2`='0', `spell3`='0', `spell4`='0', `spell5`='0', `spell6`='0', `spell7`='0', `spell8`='0', `VehicleId`='0', `mingold`='0', `maxgold`='0', `AIName`='SmartAI', `MovementType`='0', `InhabitType`='3', `HoverHeight`='1', `HealthModifier`='1', `HealthModifierExtra`='1', `ManaModifier`='1', `ManaModifierExtra`='1', `ArmorModifier`='1', `DamageModifier`='1', `ExperienceModifier`='1', `RacialLeader`='0', `movementId`='0', `RegenHealth`='1', `mechanic_immune_mask`='0', `flags_extra`='0', `ScriptName`='', `VerifiedBuild`='25549' WHERE (`entry`='93602');
UPDATE `creature_template` SET `entry`='93640', `difficulty_entry_1`='0', `difficulty_entry_2`='0', `difficulty_entry_3`='0', `KillCredit1`='93601', `KillCredit2`='0', `modelid1`='73006', `modelid2`='0', `modelid3`='0', `modelid4`='0', `name`='Erwind Mistfen', `femaleName`='', `subname`='Disciple of Elothir', `TitleAlt`=NULL, `IconName`='questinteract', `gossip_menu_id`='999915', `minlevel`='103', `maxlevel`='103', `HealthScalingExpansion`='6', `RequiredExpansion`='0', `VignetteID`='0', `faction`='35', `npcflag`='1', `speed_walk`='1.11111', `speed_run`='1.14286', `scale`='1', `rank`='0', `dmgschool`='0', `BaseAttackTime`='2000', `RangeAttackTime`='2000', `BaseVariance`='1', `RangeVariance`='1', `unit_class`='8', `unit_flags`='32768', `unit_flags2`='2131968', `unit_flags3`='0', `dynamicflags`='0', `family`='0', `trainer_type`='0', `trainer_class`='0', `trainer_race`='0', `type`='7', `type_flags`='0', `type_flags2`='0', `lootid`='0', `pickpocketloot`='0', `skinloot`='0', `resistance1`='0', `resistance2`='0', `resistance3`='0', `resistance4`='0', `resistance5`='0', `resistance6`='0', `spell1`='0', `spell2`='0', `spell3`='0', `spell4`='0', `spell5`='0', `spell6`='0', `spell7`='0', `spell8`='0', `VehicleId`='0', `mingold`='0', `maxgold`='0', `AIName`='SmartAI', `MovementType`='0', `InhabitType`='3', `HoverHeight`='1', `HealthModifier`='1', `HealthModifierExtra`='1', `ManaModifier`='1', `ManaModifierExtra`='1', `ArmorModifier`='1', `DamageModifier`='1', `ExperienceModifier`='1', `RacialLeader`='0', `movementId`='0', `RegenHealth`='1', `mechanic_immune_mask`='0', `flags_extra`='0', `ScriptName`='', `VerifiedBuild`='25549' WHERE (`entry`='93640');
UPDATE `creature_template` SET `entry`='93644', `difficulty_entry_1`='0', `difficulty_entry_2`='0', `difficulty_entry_3`='0', `KillCredit1`='999998', `KillCredit2`='0', `modelid1`='73007', `modelid2`='0', `modelid3`='0', `modelid4`='0', `name`='Del\'thanar Sagewood', `femaleName`='', `subname`='Disciple of Elothir', `TitleAlt`=NULL, `IconName`='questinteract', `gossip_menu_id`='999915', `minlevel`='103', `maxlevel`='103', `HealthScalingExpansion`='6', `RequiredExpansion`='0', `VignetteID`='0', `faction`='35', `npcflag`='1', `speed_walk`='1.11111', `speed_run`='1.14286', `scale`='1', `rank`='0', `dmgschool`='0', `BaseAttackTime`='2000', `RangeAttackTime`='2000', `BaseVariance`='1', `RangeVariance`='1', `unit_class`='8', `unit_flags`='32768', `unit_flags2`='2131968', `unit_flags3`='0', `dynamicflags`='0', `family`='0', `trainer_type`='0', `trainer_class`='0', `trainer_race`='0', `type`='7', `type_flags`='0', `type_flags2`='0', `lootid`='0', `pickpocketloot`='0', `skinloot`='0', `resistance1`='0', `resistance2`='0', `resistance3`='0', `resistance4`='0', `resistance5`='0', `resistance6`='0', `spell1`='0', `spell2`='0', `spell3`='0', `spell4`='0', `spell5`='0', `spell6`='0', `spell7`='0', `spell8`='0', `VehicleId`='0', `mingold`='0', `maxgold`='0', `AIName`='SmartAI', `MovementType`='0', `InhabitType`='3', `HoverHeight`='1', `HealthModifier`='1', `HealthModifierExtra`='1', `ManaModifier`='1', `ManaModifierExtra`='1', `ArmorModifier`='1', `DamageModifier`='1', `ExperienceModifier`='1', `RacialLeader`='0', `movementId`='0', `RegenHealth`='1', `mechanic_immune_mask`='0', `flags_extra`='0', `ScriptName`='', `VerifiedBuild`='25549' WHERE (`entry`='93644');

INSERT INTO `creature_template` (`entry`, `difficulty_entry_1`, `difficulty_entry_2`, `difficulty_entry_3`, `KillCredit1`, `KillCredit2`, `modelid1`, `modelid2`, `modelid3`, `modelid4`, `name`, `femaleName`, `subname`, `TitleAlt`, `IconName`, `gossip_menu_id`, `minlevel`, `maxlevel`, `HealthScalingExpansion`, `RequiredExpansion`, `VignetteID`, `faction`, `npcflag`, `speed_walk`, `speed_run`, `scale`, `rank`, `dmgschool`, `BaseAttackTime`, `RangeAttackTime`, `BaseVariance`, `RangeVariance`, `unit_class`, `unit_flags`, `unit_flags2`, `unit_flags3`, `dynamicflags`, `family`, `trainer_type`, `trainer_class`, `trainer_race`, `type`, `type_flags`, `type_flags2`, `lootid`, `pickpocketloot`, `skinloot`, `resistance1`, `resistance2`, `resistance3`, `resistance4`, `resistance5`, `resistance6`, `spell1`, `spell2`, `spell3`, `spell4`, `spell5`, `spell6`, `spell7`, `spell8`, `VehicleId`, `mingold`, `maxgold`, `AIName`, `MovementType`, `InhabitType`, `HoverHeight`, `HealthModifier`, `HealthModifierExtra`, `ManaModifier`, `ManaModifierExtra`, `ArmorModifier`, `DamageModifier`, `ExperienceModifier`, `RacialLeader`, `movementId`, `RegenHealth`, `mechanic_immune_mask`, `flags_extra`, `ScriptName`, `VerifiedBuild`) VALUES ('999998', '0', '0', '0', '0', '0', '1126', '0', '0', '0', 'Kill credit', NULL, NULL, NULL, NULL, '0', '1', '1', '0', '0', '0', '35', '0', '1', '1.14286', '1', '0', '0', '0', '0', '1', '1', '1', '0', '0', '0', '0', '0', '0', '0', '0', '0', '0', '0', '0', '0', '0', '0', '0', '0', '0', '0', '0', '0', '0', '0', '0', '0', '0', '0', '0', '0', '0', '0', '', '0', '3', '1', '1', '1', '1', '1', '1', '1', '1', '0', '0', '1', '0', '0', '', '0');
INSERT INTO `creature_template` (`entry`, `difficulty_entry_1`, `difficulty_entry_2`, `difficulty_entry_3`, `KillCredit1`, `KillCredit2`, `modelid1`, `modelid2`, `modelid3`, `modelid4`, `name`, `femaleName`, `subname`, `TitleAlt`, `IconName`, `gossip_menu_id`, `minlevel`, `maxlevel`, `HealthScalingExpansion`, `RequiredExpansion`, `VignetteID`, `faction`, `npcflag`, `speed_walk`, `speed_run`, `scale`, `rank`, `dmgschool`, `BaseAttackTime`, `RangeAttackTime`, `BaseVariance`, `RangeVariance`, `unit_class`, `unit_flags`, `unit_flags2`, `unit_flags3`, `dynamicflags`, `family`, `trainer_type`, `trainer_class`, `trainer_race`, `type`, `type_flags`, `type_flags2`, `lootid`, `pickpocketloot`, `skinloot`, `resistance1`, `resistance2`, `resistance3`, `resistance4`, `resistance5`, `resistance6`, `spell1`, `spell2`, `spell3`, `spell4`, `spell5`, `spell6`, `spell7`, `spell8`, `VehicleId`, `mingold`, `maxgold`, `AIName`, `MovementType`, `InhabitType`, `HoverHeight`, `HealthModifier`, `HealthModifierExtra`, `ManaModifier`, `ManaModifierExtra`, `ArmorModifier`, `DamageModifier`, `ExperienceModifier`, `RacialLeader`, `movementId`, `RegenHealth`, `mechanic_immune_mask`, `flags_extra`, `ScriptName`, `VerifiedBuild`) VALUES ('999999', '0', '0', '0', '0', '0', '1126', '0', '0', '0', 'kill creatid', NULL, NULL, NULL, NULL, '0', '1', '1', '0', '0', '0', '35', '0', '1', '1.14286', '1', '0', '0', '0', '0', '1', '1', '1', '0', '0', '0', '0', '0', '0', '0', '0', '0', '0', '0', '0', '0', '0', '0', '0', '0', '0', '0', '0', '0', '0', '0', '0', '0', '0', '0', '0', '0', '0', '0', '', '0', '3', '1', '1', '1', '1', '1', '1', '1', '1', '0', '0', '1', '0', '0', '', '0');

UPDATE `quest_objectives` SET `ID`='278646', `QuestID`='3823500', `Type`='0', `Order`='2', `StorageIndex`='2', `ObjectID`='999998', `Amount`='1', `Flags`='0', `Flags2`='0', `ProgressBarWeight`='0', `Description`='Del\'thanar Sagewood Rescued', `VerifiedBuild`='25996' WHERE (`ID`='278646');
UPDATE `quest_objectives` SET `ID`='278645', `QuestID`='3823500', `Type`='0', `Order`='1', `StorageIndex`='0', `ObjectID`='93601', `Amount`='1', `Flags`='0', `Flags2`='0', `ProgressBarWeight`='0', `Description`='Erwind Mistfen Rescued', `VerifiedBuild`='25996' WHERE (`ID`='278645');
UPDATE `quest_objectives` SET `ID`='277559', `QuestID`='3823500', `Type`='0', `Order`='0', `StorageIndex`='1', `ObjectID`='999999', `Amount`='1', `Flags`='0', `Flags2`='0', `ProgressBarWeight`='0', `Description`='Marnor Lorleaf Rescued', `VerifiedBuild`='25996' WHERE (`ID`='277559');

---fix quest dublicat 38381
DELETE FROM creature_queststarter WHERE quest IN (38381);

---fix quest 39384
DELETE FROM creature_queststarter WHERE quest IN (39384);
UPDATE `quest_objectives` SET `ID`='279313', `QuestID`='3938400', `Type`='0', `Order`='1', `StorageIndex`='0', `ObjectID`='95320', `Amount`='1', `Flags`='3', `Flags2`='0', `ProgressBarWeight`='0', `Description`='', `VerifiedBuild`='25996' WHERE (`ID`='279313');
UPDATE `quest_objectives` SET `ID`='280436', `QuestID`='3938400', `Type`='0', `Order`='0', `StorageIndex`='3', `ObjectID`='99074', `Amount`='1', `Flags`='0', `Flags2`='0', `ProgressBarWeight`='0', `Description`='Enter Moonclaw Cavern', `VerifiedBuild`='25996' WHERE (`ID`='280436');
UPDATE `creature_questender` SET `id`='91650', `quest`='3938400' WHERE (`id`='91650') AND (`quest`='3938400');
UPDATE `creature_queststarter` SET `id`='95396', `quest`='3938400' WHERE (`id`='95396') AND (`quest`='3938400');

INSERT INTO `quest_poi_points` (`QuestID`, `Idx1`, `Idx2`, `X`, `Y`, `VerifiedBuild`) VALUES ('3938400', '3', '0', '2331', '6146', '22908');
INSERT INTO `quest_poi_points` (`QuestID`, `Idx1`, `Idx2`, `X`, `Y`, `VerifiedBuild`) VALUES ('3938400', '2', '0', '2481', '6017', '22908');
INSERT INTO `quest_poi_points` (`QuestID`, `Idx1`, `Idx2`, `X`, `Y`, `VerifiedBuild`) VALUES ('3938400', '1', '0', '2449', '6138', '22908');
INSERT INTO `quest_poi_points` (`QuestID`, `Idx1`, `Idx2`, `X`, `Y`, `VerifiedBuild`) VALUES ('3938400', '0', '0', '2508', '6012', '22908');
INSERT INTO `quest_poi` (`QuestID`, `BlobIndex`, `Idx1`, `ObjectiveIndex`, `QuestObjectiveID`, `QuestObjectID`, `MapID`, `WorldMapAreaId`, `Floor`, `Priority`, `Flags`, `WorldEffectID`, `PlayerConditionID`, `WoDUnk1`, `AlwaysAllowMergingBlobs`, `VerifiedBuild`) VALUES ('3938400', '0', '3', '32', '0', '0', '1220', '1018', '0', '0', '0', '0', '0', '1036167', '0', '22908');
INSERT INTO `quest_poi` (`QuestID`, `BlobIndex`, `Idx1`, `ObjectiveIndex`, `QuestObjectiveID`, `QuestObjectID`, `MapID`, `WorldMapAreaId`, `Floor`, `Priority`, `Flags`, `WorldEffectID`, `PlayerConditionID`, `WoDUnk1`, `AlwaysAllowMergingBlobs`, `VerifiedBuild`) VALUES ('3938400', '0', '2', '1', '279313', '95320', '1220', '1018', '0', '0', '0', '0', '0', '1036137', '0', '22908');
INSERT INTO `quest_poi` (`QuestID`, `BlobIndex`, `Idx1`, `ObjectiveIndex`, `QuestObjectiveID`, `QuestObjectID`, `MapID`, `WorldMapAreaId`, `Floor`, `Priority`, `Flags`, `WorldEffectID`, `PlayerConditionID`, `WoDUnk1`, `AlwaysAllowMergingBlobs`, `VerifiedBuild`) VALUES ('3938400', '0', '1', '0', '280436', '99074', '1220', '1018', '0', '0', '0', '0', '0', '1081863', '0', '22908');
INSERT INTO `quest_poi` (`QuestID`, `BlobIndex`, `Idx1`, `ObjectiveIndex`, `QuestObjectiveID`, `QuestObjectID`, `MapID`, `WorldMapAreaId`, `Floor`, `Priority`, `Flags`, `WorldEffectID`, `PlayerConditionID`, `WoDUnk1`, `AlwaysAllowMergingBlobs`, `VerifiedBuild`) VALUES ('3938400', '0', '0', '-1', '0', '0', '1220', '1018', '0', '0', '0', '0', '0', '1099334', '0', '22908');
INSERT INTO `quest_template_locale` (`ID`, `locale`, `LogTitle`, `LogDescription`, `QuestDescription`, `AreaDescription`, `PortraitGiverText`, `PortraitGiverName`, `PortraitTurnInText`, `PortraitTurnInName`, `QuestCompletionLog`, `VerifiedBuild`) VALUES ('3938400', 'frFR', 'Le Corrupteur', 'Tuez Kagraxxis le Corrupteur.', 'Xandris est mort, mais nous avons d’autres ennemis à affronter si nous voulons sauver mon bosquet.$b$bPendant la grande guerre, Kagraxxis a pris un malin plaisir à corrompre les terres qui abritaient autrefois son foyer.$b$bSans la stupide clémence de mes compagnons druides, je l’aurais tué de mes propres mains.$b$bTrouvez-moi ce démon, et que justice soit faite !$b$bVous devrez accomplir cette tâche $gseul:seule;, car je sens ici une présence encore plus sombre… une présence dont je vais devoir m’occuper personnellement.', '', '', 'Kagraxxis le Corrupteur', '', '', '', '26365');
INSERT INTO `quest_template_locale` (`ID`, `locale`, `LogTitle`, `LogDescription`, `QuestDescription`, `AreaDescription`, `PortraitGiverText`, `PortraitGiverName`, `PortraitTurnInText`, `PortraitTurnInName`, `QuestCompletionLog`, `VerifiedBuild`) VALUES ('3938400', 'deDE', 'Der Verderber', 'Tötet Kagraxxis den Verderber.', 'Xandris ist erledigt, aber wir müssen uns noch um andere kümmern, um meinen Hain zu retten.$b$bWährend des Krieges war es Kagraxxis ein großes Vergnügen, das Land zu verderben, das er einst seine Heimat nannte.$b$bWenn die anderen Druiden ihm nicht törichterweise Gnade gewährt hätten, hätte ich ihn selbst hingerichtet.$b$bFindet diesen Dämon und lasst ihm Gerechtigkeit widerfahren.$b$bIch muss Euch diese Aufgabe übertragen, denn ich verspüre die Anwesenheit einer noch dunkleren Präsenz... einer Präsenz, die nach meiner persönlichen Aufmerksamkeit verlangt.', '', '', 'Kagraxxis der Verderber', '', '', '', '25549');
INSERT INTO `quest_template_locale` (`ID`, `locale`, `LogTitle`, `LogDescription`, `QuestDescription`, `AreaDescription`, `PortraitGiverText`, `PortraitGiverName`, `PortraitTurnInText`, `PortraitTurnInName`, `QuestCompletionLog`, `VerifiedBuild`) VALUES ('3938400', 'itIT', 'Il Corruttore', 'Uccidi Kagraxxis il Corruttore.', 'Xandris è stato ucciso, ma dobbiamo occuparci di altri demoni se vogliamo salvare il mio boschetto.$b$bDurante la Grande Guerra, Kagraxxis ha provato un immenso piacere nel corrompere le terre che un tempo chiamava casa.$b$bSe non fosse stato per i miei compagni Druidi, l\'avrei ucciso io stesso.$b$bTrova il demone e fai calare la giustizia su di lui.$b$bDevo affidare questo incarico a te, poiché sento una presenza ancora più oscura qui, che richiede la mia personale attenzione.', '', '', 'Kagraxxis il Corruttore', '', '', '', '25549');
INSERT INTO `quest_template_locale` (`ID`, `locale`, `LogTitle`, `LogDescription`, `QuestDescription`, `AreaDescription`, `PortraitGiverText`, `PortraitGiverName`, `PortraitTurnInText`, `PortraitTurnInName`, `QuestCompletionLog`, `VerifiedBuild`) VALUES ('3938400', 'esES', 'El Corruptor', 'Mata a Kagraxxis el Corruptor.', 'Xandris ha muerto, pero hay otros de los que encargarse para que mi arboleda se salve.$B$BDurante la gran guerra, Kagraxxis disfrutó corrompiendo las tierras que en otro tiempo llamaba hogar.$B$BDe no haber sido por la estúpida compasión de mis colegas druidas, yo lo habría matado personalmente.$B$BEncuentra al demonio y ajustícialo.$B$BDebo confiarte esta tarea a ti $gsolo:sola;, pues siento una presencia aún más oscura aquí... Una que requiere mi atención personal.', '', '', 'Kagraxxis el Corruptor', '', '', '', '25549');
INSERT INTO `quest_template_locale` (`ID`, `locale`, `LogTitle`, `LogDescription`, `QuestDescription`, `AreaDescription`, `PortraitGiverText`, `PortraitGiverName`, `PortraitTurnInText`, `PortraitTurnInName`, `QuestCompletionLog`, `VerifiedBuild`) VALUES ('3938400', 'ptBR', 'O Corruptor', 'Mate Kagraxxis, o Corruptor.', 'Xandris está morto, mas há outras criaturas pondo o bosque em risco.$b$bDurante a grande guerra, Kagraxxis sentia imenso prazer em corromper as terras que outrora o abrigaram.$b$bNão fosse pela misericórdia tola de meus colegas druidas, eu mesmo o teria matado.$b$bEncontre o demônio e cumpra a justiça.$b$bDeixarei a tarefa a seu encargo, pois sinto uma presença ainda mais sombria aqui... uma presença que requer minha atenção.', '', '', 'Kagraxxis, o Corruptor', '', '', '', '25549');
INSERT INTO `quest_template_locale` (`ID`, `locale`, `LogTitle`, `LogDescription`, `QuestDescription`, `AreaDescription`, `PortraitGiverText`, `PortraitGiverName`, `PortraitTurnInText`, `PortraitTurnInName`, `QuestCompletionLog`, `VerifiedBuild`) VALUES ('3938400', 'koKR', '타락자', '타락자 카그락시스를 처치해야 합니다.', '잔드리스를 없앴지만, 이 숲을 살리려면 아직도 처치해야 할 자들이 남았다.$b$b대전쟁 중에 카그락시스는 한때 고향이라 불렀던 곳을 앞장서서 타락시켰지.$b$b내 형제 드루이드들이 어리석게 자비를 베풀지만 않았어도 내가 직접 그를 없앴을 것이다.$b$b그 악마를 찾아 정의의 심판을 내려 다오.$b$b이 임무는 그대 혼자 처리해야 할 것 같다. 지금 이곳에서 더욱 어두운 존재가 느껴진다... 나는 그쪽을 살펴야 한다.', '', '', '타락자 카그락시스', '', '', '', '25549');
INSERT INTO `quest_template_locale` (`ID`, `locale`, `LogTitle`, `LogDescription`, `QuestDescription`, `AreaDescription`, `PortraitGiverText`, `PortraitGiverName`, `PortraitTurnInText`, `PortraitTurnInName`, `QuestCompletionLog`, `VerifiedBuild`) VALUES ('3938400', 'zhCN', '腐蚀者', '消灭腐蚀者康格拉克斯。', '虽然除掉了萨德里斯，但是我们仍需清除更多的威胁才能拯救我的林地。$b$b大战时，康格拉克斯在对自己家乡的腐化中获得了极大的快感。$b$b要不是因为德鲁伊同胞们泛滥的怜悯心，我早就亲手杀了他。$b$b请你去找到这个恶魔并且把他就地正法。$b$b之所以把这个任务托付给你，是因为我在这里感受到了更加黑暗的力量……我必须谨慎处理。', '', '', '腐蚀者康格拉克斯', '', '', '', '25549');
INSERT INTO `quest_template_locale` (`ID`, `locale`, `LogTitle`, `LogDescription`, `QuestDescription`, `AreaDescription`, `PortraitGiverText`, `PortraitGiverName`, `PortraitTurnInText`, `PortraitTurnInName`, `QuestCompletionLog`, `VerifiedBuild`) VALUES ('3938400', 'zhTW', '墮落者', '殺死『墮落者』卡格拉西斯。', '山德里斯已經死了，但還有其他敵人必須處理，才能確保這片林地的安全。$b$b在先祖之戰中，卡格拉西斯非常樂於腐化曾是他家園的這片土地。$b$b要不是其他德魯伊愚蠢地選擇仁慈，我早就把他殺了。$b$b找出惡魔，並伸張正義。$b$b我必須把這項工作全權交由你處理。我感受到此地傳來一股更黑暗的氣息…需要我親自動手。', '', '', '『墮落者』卡拉格西斯', '', '', '', '25549');
INSERT INTO `quest_template_locale` (`ID`, `locale`, `LogTitle`, `LogDescription`, `QuestDescription`, `AreaDescription`, `PortraitGiverText`, `PortraitGiverName`, `PortraitTurnInText`, `PortraitTurnInName`, `QuestCompletionLog`, `VerifiedBuild`) VALUES ('3938400', 'ruRU', 'Осквернитель', 'Убейте Каграксиса Осквернителя.', 'С Ксандрисом покончено, но многие из его сподвижников еще живы, и мы должны разделаться и с ними, чтобы спасти мою рощу.$b$bВо время великой войны Каграксис с особенным наслаждением осквернял земли, когда-то бывшие для него родным домом.$b$bЕсли бы не эта глупая жалость, которую к нему проявили мои товарищи-друиды, я бы лично прикончил его.$b$bОтыщи демона и заставь его заплатить за содеянное.$b$bЭто тебе придется сделать уже без моей помощи, ибо я ощущаю здесь присутствие еще более могучей темной силы, и мне нужно выяснить, что это такое.', '', '', 'Каграксис Осквернитель', '', '', '', '25549');
INSERT INTO `quest_template_locale` (`ID`, `locale`, `LogTitle`, `LogDescription`, `QuestDescription`, `AreaDescription`, `PortraitGiverText`, `PortraitGiverName`, `PortraitTurnInText`, `PortraitTurnInName`, `QuestCompletionLog`, `VerifiedBuild`) VALUES ('3938400', 'esMX', 'El Corruptor', 'Mata a Kagraxxis el Corruptor.', 'Xandris fue asesinado, pero quedan más demonios de los que debemos encargarnos si queremos salvar mi arboleda.$b$bDurante la gran guerra, Kagraxxis tomó gran placer en corromper las tierras que él mismo llamaba hogar.$b$bSi no fuera por la tonta misericordia de mis compañeros druidas, me habría encargado de él yo mismo.$b$bEsta tarea te la confío solo a ti, pues siento una presencia todavía más oscura... una que requiere mi atención personal.', '', '', 'Kagraxxis el Corruptor', '', '', '', '25549');
INSERT INTO `quest_template` (`ID`, `QuestType`, `QuestLevel`, `MaxScalingLevel`, `QuestPackageID`, `MinLevel`, `QuestSortID`, `QuestInfoID`, `SuggestedGroupNum`, `RewardNextQuest`, `RewardXPDifficulty`, `RewardXPMultiplier`, `RewardMoney`, `RewardMoneyDifficulty`, `RewardMoneyMultiplier`, `RewardBonusMoney`, `RewardDisplaySpell1`, `RewardDisplaySpell2`, `RewardDisplaySpell3`, `RewardSpell`, `RewardHonor`, `RewardKillHonor`, `StartItem`, `RewardArtifactXPDifficulty`, `RewardArtifactXPMultiplier`, `RewardArtifactCategoryID`, `Flags`, `FlagsEx`, `RewardItem1`, `RewardAmount1`, `RewardItem2`, `RewardAmount2`, `RewardItem3`, `RewardAmount3`, `RewardItem4`, `RewardAmount4`, `ItemDrop1`, `ItemDropQuantity1`, `ItemDrop2`, `ItemDropQuantity2`, `ItemDrop3`, `ItemDropQuantity3`, `ItemDrop4`, `ItemDropQuantity4`, `RewardChoiceItemID1`, `RewardChoiceItemQuantity1`, `RewardChoiceItemDisplayID1`, `RewardChoiceItemID2`, `RewardChoiceItemQuantity2`, `RewardChoiceItemDisplayID2`, `RewardChoiceItemID3`, `RewardChoiceItemQuantity3`, `RewardChoiceItemDisplayID3`, `RewardChoiceItemID4`, `RewardChoiceItemQuantity4`, `RewardChoiceItemDisplayID4`, `RewardChoiceItemID5`, `RewardChoiceItemQuantity5`, `RewardChoiceItemDisplayID5`, `RewardChoiceItemID6`, `RewardChoiceItemQuantity6`, `RewardChoiceItemDisplayID6`, `POIContinent`, `POIx`, `POIy`, `POIPriority`, `RewardTitle`, `RewardArenaPoints`, `RewardSkillLineID`, `RewardNumSkillUps`, `PortraitGiver`, `PortraitTurnIn`, `RewardFactionID1`, `RewardFactionValue1`, `RewardFactionOverride1`, `RewardFactionCapIn1`, `RewardFactionID2`, `RewardFactionValue2`, `RewardFactionOverride2`, `RewardFactionCapIn2`, `RewardFactionID3`, `RewardFactionValue3`, `RewardFactionOverride3`, `RewardFactionCapIn3`, `RewardFactionID4`, `RewardFactionValue4`, `RewardFactionOverride4`, `RewardFactionCapIn4`, `RewardFactionID5`, `RewardFactionValue5`, `RewardFactionOverride5`, `RewardFactionCapIn5`, `RewardFactionFlags`, `RewardCurrencyID1`, `RewardCurrencyQty1`, `RewardCurrencyID2`, `RewardCurrencyQty2`, `RewardCurrencyID3`, `RewardCurrencyQty3`, `RewardCurrencyID4`, `RewardCurrencyQty4`, `AcceptedSoundKitID`, `CompleteSoundKitID`, `AreaGroupID`, `TimeAllowed`, `AllowableRaces`, `QuestRewardID`, `Expansion`, `LogTitle`, `LogDescription`, `QuestDescription`, `AreaDescription`, `PortraitGiverText`, `PortraitGiverName`, `PortraitTurnInText`, `PortraitTurnInName`, `QuestCompletionLog`, `VerifiedBuild`) VALUES ('3938400', '2', '-1', '255', '0', '98', '7558', '0', '0', '0', '5', '1', '50', '5', '1', '150', '0', '0', '0', '0', '0', '0', '0', '0', '1', '0', '38797320', '8192', '0', '0', '0', '0', '0', '0', '0', '0', '0', '0', '0', '0', '0', '0', '0', '0', '0', '0', '0', '0', '0', '0', '0', '0', '0', '0', '0', '0', '0', '0', '0', '0', '0', '0', '0', '0', '0', '0', '0', '0', '0', '0', '64254', '0', '1883', '4', '0', '7', '0', '0', '0', '7', '0', '0', '0', '7', '0', '0', '0', '7', '0', '0', '0', '7', '0', '0', '0', '0', '0', '0', '0', '0', '0', '890', '878', '0', '0', '18446744073709551615', '0', '6', 'The Corruptor', 'Slay Kagraxxis the Corruptor.', 'Xandris has been slain, but there are others that must be dealt with if my grove is to be saved.$b$bDuring the great war, Kagraxxis took great pleasure in corrupting the lands he once called home.$b$bWere it not for the foolish mercy of my fellow druids, I would have slain him myself.$b$bFind the demon and bring justice upon him.$b$bI must entrust this task to you alone, for I sense an even darker presence here... one that requires my personal attention.', '', '', 'Kagraxxis the Corruptor', '', '', '', '0');


---fix quest 38382
DELETE FROM creature_queststarter WHERE quest IN (38382);
INSERT INTO `quest_template` (`ID`, `QuestType`, `QuestLevel`, `MaxScalingLevel`, `QuestPackageID`, `MinLevel`, `QuestSortID`, `QuestInfoID`, `SuggestedGroupNum`, `RewardNextQuest`, `RewardXPDifficulty`, `RewardXPMultiplier`, `RewardMoney`, `RewardMoneyDifficulty`, `RewardMoneyMultiplier`, `RewardBonusMoney`, `RewardDisplaySpell1`, `RewardDisplaySpell2`, `RewardDisplaySpell3`, `RewardSpell`, `RewardHonor`, `RewardKillHonor`, `StartItem`, `RewardArtifactXPDifficulty`, `RewardArtifactXPMultiplier`, `RewardArtifactCategoryID`, `Flags`, `FlagsEx`, `RewardItem1`, `RewardAmount1`, `RewardItem2`, `RewardAmount2`, `RewardItem3`, `RewardAmount3`, `RewardItem4`, `RewardAmount4`, `ItemDrop1`, `ItemDropQuantity1`, `ItemDrop2`, `ItemDropQuantity2`, `ItemDrop3`, `ItemDropQuantity3`, `ItemDrop4`, `ItemDropQuantity4`, `RewardChoiceItemID1`, `RewardChoiceItemQuantity1`, `RewardChoiceItemDisplayID1`, `RewardChoiceItemID2`, `RewardChoiceItemQuantity2`, `RewardChoiceItemDisplayID2`, `RewardChoiceItemID3`, `RewardChoiceItemQuantity3`, `RewardChoiceItemDisplayID3`, `RewardChoiceItemID4`, `RewardChoiceItemQuantity4`, `RewardChoiceItemDisplayID4`, `RewardChoiceItemID5`, `RewardChoiceItemQuantity5`, `RewardChoiceItemDisplayID5`, `RewardChoiceItemID6`, `RewardChoiceItemQuantity6`, `RewardChoiceItemDisplayID6`, `POIContinent`, `POIx`, `POIy`, `POIPriority`, `RewardTitle`, `RewardArenaPoints`, `RewardSkillLineID`, `RewardNumSkillUps`, `PortraitGiver`, `PortraitTurnIn`, `RewardFactionID1`, `RewardFactionValue1`, `RewardFactionOverride1`, `RewardFactionCapIn1`, `RewardFactionID2`, `RewardFactionValue2`, `RewardFactionOverride2`, `RewardFactionCapIn2`, `RewardFactionID3`, `RewardFactionValue3`, `RewardFactionOverride3`, `RewardFactionCapIn3`, `RewardFactionID4`, `RewardFactionValue4`, `RewardFactionOverride4`, `RewardFactionCapIn4`, `RewardFactionID5`, `RewardFactionValue5`, `RewardFactionOverride5`, `RewardFactionCapIn5`, `RewardFactionFlags`, `RewardCurrencyID1`, `RewardCurrencyQty1`, `RewardCurrencyID2`, `RewardCurrencyQty2`, `RewardCurrencyID3`, `RewardCurrencyQty3`, `RewardCurrencyID4`, `RewardCurrencyQty4`, `AcceptedSoundKitID`, `CompleteSoundKitID`, `AreaGroupID`, `TimeAllowed`, `AllowableRaces`, `QuestRewardID`, `Expansion`, `LogTitle`, `LogDescription`, `QuestDescription`, `AreaDescription`, `PortraitGiverText`, `PortraitGiverName`, `PortraitTurnInText`, `PortraitTurnInName`, `QuestCompletionLog`, `VerifiedBuild`) VALUES ('3838200', '2', '-1', '255', '0', '98', '7558', '0', '0', '39383', '1', '1', '5', '1', '1', '0', '0', '0', '0', '0', '0', '0', '0', '0', '1', '0', '40894472', '8194', '0', '0', '0', '0', '0', '0', '0', '0', '0', '0', '0', '0', '0', '0', '0', '0', '0', '0', '0', '0', '0', '0', '0', '0', '0', '0', '0', '0', '0', '0', '0', '0', '0', '0', '0', '0', '0', '0', '0', '0', '0', '0', '0', '0', '1883', '1', '0', '7', '0', '0', '0', '7', '0', '0', '0', '7', '0', '0', '0', '7', '0', '0', '0', '7', '0', '0', '0', '0', '0', '0', '0', '0', '0', '890', '878', '0', '0', '18446744073709551615', '0', '6', 'Archdruid of the Vale', 'Speak with Thaon Moonclaw.', 'Deep within our forest lies Moonclaw Vale.$b$bThere you will find a reclusive group of feral druids charged with the protection of Val\'sharah from any that would seek to disrupt the balance of nature.$b$bThese druids are led by Thaon Moonclaw, the most fierce of the Archdruids.$b$bSeek him out. Let him know that Cenarius is in need of his aid.', '', '', '', '', '', 'Speak with Thaon Moonclaw in the Moonclaw Vale.', '0');
INSERT INTO `creature_queststarter` (`id`, `quest`) VALUES ('94179', '3838200');
INSERT INTO `creature_questender` (`id`, `quest`) VALUES ('95395', '3838200');

INSERT INTO `quest_template_locale` (`ID`, `locale`, `LogTitle`, `LogDescription`, `QuestDescription`, `AreaDescription`, `PortraitGiverText`, `PortraitGiverName`, `PortraitTurnInText`, `PortraitTurnInName`, `QuestCompletionLog`, `VerifiedBuild`) VALUES ('3838200', 'frFR', 'L’archidruide du Val', 'Parlez à Thaon Griffelune.', 'Au cœur de notre forêt s’étend le val des Griffelunes.$b$bVous y trouverez un groupe de druides farouches reclus, chargés de la protection de Val’sharah contre tout ce qui pourrait perturber l’équilibre naturel.$b$bIls sont sous les ordres de Thaon Griffelune, le plus sauvage des archidruides.$b$bRetrouvez-le. Il faut qu’il sache que Cénarius a besoin de son aide.', '', '', '', '', '', 'Parlez à Thaon Griffelune dans le Val des Griffelunes.', '26365');
INSERT INTO `quest_template_locale` (`ID`, `locale`, `LogTitle`, `LogDescription`, `QuestDescription`, `AreaDescription`, `PortraitGiverText`, `PortraitGiverName`, `PortraitTurnInText`, `PortraitTurnInName`, `QuestCompletionLog`, `VerifiedBuild`) VALUES ('3838200', 'deDE', 'Erzdruide des Tals', 'Sprecht mit Thaon Mondklaue.', 'Tief in unserem Wald verborgen liegt das Mondklauental.$b$bDort findet Ihr eine zurückgezogene Gruppe wilder Druiden, die damit beauftragt sind, Val\'sharah vor allem zu beschützen, was den Einklang der Natur stören könnte.$b$bDer Anführer dieser Druiden ist Thaon Mondklaue, der entschlossenste Kämpfer der Erzdruiden.$b$bSucht ihn auf und teilt ihm mit, dass Cenarius seine Hilfe benötigt.', '', '', '', '', '', 'Sprecht mit Thaon Mondklaue im Mondklauental.', '25549');
INSERT INTO `quest_template_locale` (`ID`, `locale`, `LogTitle`, `LogDescription`, `QuestDescription`, `AreaDescription`, `PortraitGiverText`, `PortraitGiverName`, `PortraitTurnInText`, `PortraitTurnInName`, `QuestCompletionLog`, `VerifiedBuild`) VALUES ('3838200', 'itIT', 'L\'Arcidruido della Vallata', 'Parla con Thaon Zannaluna.', 'La Vallata degli Zannaluna si trova nelle profondità della nostra foresta.$b$bLà troverai un gruppo solitario di Druidi Ferini incaricati di proteggere Val\'sharah da chiunque voglia rompere l\'equilibrio della natura.$b$bQuesti Druidi sono guidati da Thaon Zannaluna, il più feroce degli Arcidruidi.$b$bCercalo e fagli sapere che Cenarius ha bisogno del suo aiuto.', '', '', '', '', '', 'Parla con Thaon Zannaluna alla Vallata degli Zannaluna.', '25549');
INSERT INTO `quest_template_locale` (`ID`, `locale`, `LogTitle`, `LogDescription`, `QuestDescription`, `AreaDescription`, `PortraitGiverText`, `PortraitGiverName`, `PortraitTurnInText`, `PortraitTurnInName`, `QuestCompletionLog`, `VerifiedBuild`) VALUES ('3838200', 'ptBR', 'Arquidruida do Vale', 'Fale com Thaon Garralua.', 'Embrenhado na floresta, há um vale chamado Garralua.$b$bLá você encontrará um grupo recluso de druidas ferais encarregados de proteger Val\'sharah de qualquer coisa que desfaça o equilíbrio da natureza.$b$bOs druidas são liderados por Thaon Garralua, o mais bravo dos arquidruidas.$b$bEncontre-o. Diga que Cenarius se encontra em maus lençóis.', '', '', '', '', '', 'Fale com Thaon Garralua no Vale Garralua.', '25549');
INSERT INTO `quest_template_locale` (`ID`, `locale`, `LogTitle`, `LogDescription`, `QuestDescription`, `AreaDescription`, `PortraitGiverText`, `PortraitGiverName`, `PortraitTurnInText`, `PortraitTurnInName`, `QuestCompletionLog`, `VerifiedBuild`) VALUES ('3838200', 'koKR', '골짜기의 대드루이드', '테온 문클로와 대화해야 합니다.', '숲속 깊이 달발톱 골짜기가 있습니다.$b$b골짜기에는 외부와의 접촉을 꺼리는 야성 드루이드 무리가 살면서, 누구도 자연의 균형을 깨뜨리지 못하도록 발샤라를 보호하고 있지요.$b$b이들을 이끄는 사람은 대드루이드 중에서도 용맹하기로 소문난 테온 문클로입니다.$b$b그를 찾아 세나리우스 님의 상황을 설명하고 도움이 필요하다고 전해 주세요.', '', '', '', '', '', '달발톱 골짜기에 있는 테온 문클로와 대화해야 합니다.', '25549');
INSERT INTO `quest_template_locale` (`ID`, `locale`, `LogTitle`, `LogDescription`, `QuestDescription`, `AreaDescription`, `PortraitGiverText`, `PortraitGiverName`, `PortraitTurnInText`, `PortraitTurnInName`, `QuestCompletionLog`, `VerifiedBuild`) VALUES ('3838200', 'zhCN', '谷地大德鲁伊', '与绍恩·月爪谈一谈。', '月爪谷位于森林深处。$b$b那里隐居着一群野性德鲁伊，他们保护着瓦尔莎拉的自然平衡。$b$b绍恩·月爪是这群德鲁伊的领袖，他是大德鲁伊中最勇猛的一位。$b$b去找他，告诉他塞纳留斯需要他的帮助。', '', '', '', '', '', '在月爪谷与绍恩·月爪谈一谈。', '25549');
INSERT INTO `quest_template_locale` (`ID`, `locale`, `LogTitle`, `LogDescription`, `QuestDescription`, `AreaDescription`, `PortraitGiverText`, `PortraitGiverName`, `PortraitTurnInText`, `PortraitTurnInName`, `QuestCompletionLog`, `VerifiedBuild`) VALUES ('3838200', 'zhTW', '山谷大德魯伊', '與薩翁‧月爪談話。', '月爪谷就位在這片森林深處。$b$b那裡住著一群隱居的野性德魯伊，負責守護維爾薩拉、防止任何人打破自然平衡。$b$b這群德魯伊的領導者是薩翁‧月爪，他是最兇猛的大德魯伊。$b$b請找到他，告訴他塞納留斯需要他的協助。', '', '', '', '', '', '在月爪谷與薩翁‧月爪交談。', '25549');
INSERT INTO `quest_template_locale` (`ID`, `locale`, `LogTitle`, `LogDescription`, `QuestDescription`, `AreaDescription`, `PortraitGiverText`, `PortraitGiverName`, `PortraitTurnInText`, `PortraitTurnInName`, `QuestCompletionLog`, `VerifiedBuild`) VALUES ('3838200', 'ruRU', 'Верховный друид долины', 'Поговорите с Таоном Лунным Когтем.', 'В глубине нашего леса лежит долина Лунного Когтя.$b$bТам ты найдешь группу друидов-оборотней — отшельников, ревностно защищающих Валь\'шару от всего, что угрожает природному равновесию.$b$bВозглавляет их Таон Лунный Коготь, самый свирепый из всех верховных друидов.$b$bОтыщи его. Скажи, что Кенарию срочно требуется его помощь.', '', '', '', '', '', 'Поговорите с Таоном Лунным Когтем в долине Лунного Когтя.', '25549');
INSERT INTO `quest_template_locale` (`ID`, `locale`, `LogTitle`, `LogDescription`, `QuestDescription`, `AreaDescription`, `PortraitGiverText`, `PortraitGiverName`, `PortraitTurnInText`, `PortraitTurnInName`, `QuestCompletionLog`, `VerifiedBuild`) VALUES ('3838200', 'esES', 'Archidruida del Valle', 'Habla con Thaon Zarpaluna.', 'En lo más hondo de nuestro bosque se encuentra el Valle Zarpaluna.$B$BAllí encontrarás a un grupo de druidas ferales ermitaños que tiene la misión de proteger Val\'sharah de cualquiera que pretenda alterar el equilibrio de la naturaleza.$B$BEstos druidas están liderados por Thaon Zarpaluna, el más feroz de los archidruidas.$B$BBúscalo. Dile que Cenarius necesita su ayuda.', '', '', '', '', '', 'Habla con: Thaon Zarpaluna. Zona: Valle Zarpaluna.', '25549');
INSERT INTO `quest_template_locale` (`ID`, `locale`, `LogTitle`, `LogDescription`, `QuestDescription`, `AreaDescription`, `PortraitGiverText`, `PortraitGiverName`, `PortraitTurnInText`, `PortraitTurnInName`, `QuestCompletionLog`, `VerifiedBuild`) VALUES ('3838200', 'esMX', 'Archidruida del valle', 'Habla con Thaon Zarpaluna.', 'En lo profundo de nuestro bosque yace el Valle Zarpaluna.$b$bAllí encontrarás a un grupo aislado de druidas ferales encargados de proteger a Val\'sharah de cualquiera que busque perturbar el equilibrio de la naturaleza.$b$bEstos druidas son liderados por Thaon Zarpaluna, el archidruida más feroz.$b$bBúscalo. Hazle saber que Cenarius necesita su ayuda.', '', '', '', '', '', 'Habla con Thaon Zarpaluna en el Valle Zarpaluna.', '25549');

INSERT INTO `quest_poi` (`QuestID`, `BlobIndex`, `Idx1`, `ObjectiveIndex`, `QuestObjectiveID`, `QuestObjectID`, `MapID`, `WorldMapAreaId`, `Floor`, `Priority`, `Flags`, `WorldEffectID`, `PlayerConditionID`, `WoDUnk1`, `AlwaysAllowMergingBlobs`, `VerifiedBuild`) VALUES ('3838200', '1', '2', '32', '0', '0', '1220', '1018', '0', '0', '0', '0', '0', '1025404', '0', '22908');
INSERT INTO `quest_poi` (`QuestID`, `BlobIndex`, `Idx1`, `ObjectiveIndex`, `QuestObjectiveID`, `QuestObjectID`, `MapID`, `WorldMapAreaId`, `Floor`, `Priority`, `Flags`, `WorldEffectID`, `PlayerConditionID`, `WoDUnk1`, `AlwaysAllowMergingBlobs`, `VerifiedBuild`) VALUES ('3838200', '0', '1', '32', '0', '0', '1220', '1018', '0', '0', '0', '0', '0', '1003673', '0', '22908');
INSERT INTO `quest_poi` (`QuestID`, `BlobIndex`, `Idx1`, `ObjectiveIndex`, `QuestObjectiveID`, `QuestObjectID`, `MapID`, `WorldMapAreaId`, `Floor`, `Priority`, `Flags`, `WorldEffectID`, `PlayerConditionID`, `WoDUnk1`, `AlwaysAllowMergingBlobs`, `VerifiedBuild`) VALUES ('3838200', '0', '0', '-1', '0', '0', '1220', '1018', '0', '0', '0', '0', '0', '1036133', '0', '22908');

INSERT INTO `quest_poi_points` (`QuestID`, `Idx1`, `Idx2`, `X`, `Y`, `VerifiedBuild`) VALUES ('3838200', '2', '0', '2274', '6613', '22908');
INSERT INTO `quest_poi_points` (`QuestID`, `Idx1`, `Idx2`, `X`, `Y`, `VerifiedBuild`) VALUES ('3838200', '1', '0', '2597', '6747', '22908');
INSERT INTO `quest_poi_points` (`QuestID`, `Idx1`, `Idx2`, `X`, `Y`, `VerifiedBuild`) VALUES ('3838200', '0', '0', '2281', '6242', '22908');

---fix quest 38142
DELETE FROM creature_queststarter WHERE quest IN (38142);
INSERT INTO `creature_questender` (`id`, `quest`) VALUES ('73426', '3814200');
INSERT INTO `creature_queststarter` (`id`, `quest`) VALUES ('94179', '3814200');

INSERT INTO `quest_poi_points` (`QuestID`, `Idx1`, `Idx2`, `X`, `Y`, `VerifiedBuild`) VALUES ('3814200', '1', '0', '2597', '6747', '22908');
INSERT INTO `quest_poi_points` (`QuestID`, `Idx1`, `Idx2`, `X`, `Y`, `VerifiedBuild`) VALUES ('3814200', '0', '0', '1940', '6902', '22908');

INSERT INTO `quest_poi` (`QuestID`, `BlobIndex`, `Idx1`, `ObjectiveIndex`, `QuestObjectiveID`, `QuestObjectID`, `MapID`, `WorldMapAreaId`, `Floor`, `Priority`, `Flags`, `WorldEffectID`, `PlayerConditionID`, `WoDUnk1`, `AlwaysAllowMergingBlobs`, `VerifiedBuild`) VALUES ('3814200', '0', '1', '32', '0', '0', '1220', '1018', '0', '0', '0', '0', '0', '1003673', '0', '22908');
INSERT INTO `quest_poi` (`QuestID`, `BlobIndex`, `Idx1`, `ObjectiveIndex`, `QuestObjectiveID`, `QuestObjectID`, `MapID`, `WorldMapAreaId`, `Floor`, `Priority`, `Flags`, `WorldEffectID`, `PlayerConditionID`, `WoDUnk1`, `AlwaysAllowMergingBlobs`, `VerifiedBuild`) VALUES ('3814200', '0', '0', '-1', '0', '0', '1220', '1018', '0', '0', '0', '0', '0', '1022880', '0', '22908');

INSERT INTO `quest_template_locale` (`ID`, `locale`, `LogTitle`, `LogDescription`, `QuestDescription`, `AreaDescription`, `PortraitGiverText`, `PortraitGiverName`, `PortraitTurnInText`, `PortraitTurnInName`, `QuestCompletionLog`, `VerifiedBuild`) VALUES ('3814200', 'deDE', 'Erzdruidin der Klaue', 'Sucht das Stahlklauental.', 'Nahe des südlichen Waldrands findet Ihr die Höhle der Schläfer.$B$BAn diesem Ort kommen die Erzdruidin Koda Stahlklaue und ihre eifrigen Schüler ihrer heiligen Pflicht nach, den Smaragdgrünen Traum zu beobachten.$b$bFindet die Schülerin Rylissa Bärensang im Stahlklauental und informiert sie über die Krise im Hain des Cenarius.', '', '', '', '', '', 'Sprecht mit Rylissa Bärensang im Stahlklauental.', '25549');
INSERT INTO `quest_template_locale` (`ID`, `locale`, `LogTitle`, `LogDescription`, `QuestDescription`, `AreaDescription`, `PortraitGiverText`, `PortraitGiverName`, `PortraitTurnInText`, `PortraitTurnInName`, `QuestCompletionLog`, `VerifiedBuild`) VALUES ('3814200', 'itIT', 'L\'Arcidruida dell\'Unghia', 'Trova la Vallata Zannaferrea.', 'Troverai il Riparo del Dormiente all\'estremità settentrionale della foresta.$B$BIn quel luogo, l\'Arcidruida Koda Zannaferrea e i suoi devoti discepoli svolgono il loro sacro dovere osservando il Sogno di Smeraldo.$b$bTrova Rylissa Cantaorsi nella Vallata Zannaferrea e informala sulla situazione al Boschetto di Cenarius.', '', '', '', '', '', 'Parla con Rylissa Cantaorsi alla Vallata Zannaferrea.', '25549');
INSERT INTO `quest_template_locale` (`ID`, `locale`, `LogTitle`, `LogDescription`, `QuestDescription`, `AreaDescription`, `PortraitGiverText`, `PortraitGiverName`, `PortraitTurnInText`, `PortraitTurnInName`, `QuestCompletionLog`, `VerifiedBuild`) VALUES ('3814200', 'ptBR', 'Arquidruidesa da Garra', 'Encontre o Vale Garra de Aço.', 'Perto da borda sul da nossa floresta, você encontrará a Gruta do Adormecido.$B$BLá a arquidruidesa Koda Garra de Aço e seus dedicados discípulos cumprem o dever sagrado de observar o Sonho Esmeralda.$b$bEncontre a discípula Rylissa Ursocanto no Vale Garra de Aço e alerte-a da crise instaurada no Bosque de Cenarius.', '', '', '', '', '', 'Fale com Rylissa Ursocanto no Vale Garra de Aço.', '25549');
INSERT INTO `quest_template_locale` (`ID`, `locale`, `LogTitle`, `LogDescription`, `QuestDescription`, `AreaDescription`, `PortraitGiverText`, `PortraitGiverName`, `PortraitTurnInText`, `PortraitTurnInName`, `QuestCompletionLog`, `VerifiedBuild`) VALUES ('3814200', 'koKR', '발톱의 대드루이드', '스틸클로 골짜기를 찾아야 합니다.', '숲의 남쪽 끝 부근에 잠자는 자의 지하굴이 있습니다.$B$B그곳에서 대드루이드 코다 스틸클로와 그 제자들이 에메랄드의 꿈을 지켜보는 신성한 임무를 수행하고 있지요.$b$b스틸클로 골짜기에 있는 라일리사 베어송을 찾아가, 세나리우스의 숲에 위기가 닥쳤다고 전해 주세요.', '', '', '', '', '', '스틸클로 골짜기에 있는 라일리사 베어송과 대화해야 합니다.', '25549');
INSERT INTO `quest_template_locale` (`ID`, `locale`, `LogTitle`, `LogDescription`, `QuestDescription`, `AreaDescription`, `PortraitGiverText`, `PortraitGiverName`, `PortraitTurnInText`, `PortraitTurnInName`, `QuestCompletionLog`, `VerifiedBuild`) VALUES ('3814200', 'zhCN', '利爪大德鲁伊', '找到钢爪谷。', '你可以在我们森林的最南边找到沉眠者地穴。$B$B大德鲁伊科达·钢爪和她的忠实信徒就是在那里履行着监视翡翠梦境的神圣职责。$b$b到钢爪谷找瑞丽萨·熊歌，把塞纳留斯林地的危机告诉她。', '', '', '', '', '', '在钢爪谷与瑞丽萨·熊歌谈一谈。', '25549');
INSERT INTO `quest_template_locale` (`ID`, `locale`, `LogTitle`, `LogDescription`, `QuestDescription`, `AreaDescription`, `PortraitGiverText`, `PortraitGiverName`, `PortraitTurnInText`, `PortraitTurnInName`, `QuestCompletionLog`, `VerifiedBuild`) VALUES ('3814200', 'zhTW', '利爪大德魯伊', '找到鋼爪谷。', '你可以在靠近森林南方的邊緣地帶找到眠者獸穴。$B$B大德魯伊蔻妲‧鋼爪和她忠誠的侍徒就在那裡負起監視翡翠夢境的神聖職責。$b$b到鋼爪谷找萊麗莎‧熊歌，告訴她塞納留斯林地的危機。', '', '', '', '', '', '在鋼爪谷和萊麗莎‧熊歌交談。', '25549');
INSERT INTO `quest_template_locale` (`ID`, `locale`, `LogTitle`, `LogDescription`, `QuestDescription`, `AreaDescription`, `PortraitGiverText`, `PortraitGiverName`, `PortraitTurnInText`, `PortraitTurnInName`, `QuestCompletionLog`, `VerifiedBuild`) VALUES ('3814200', 'ruRU', 'Верховный друид-медведь', 'Отыщите долину Стального Когтя.', 'У южного края нашего леса ты найдешь Обитель Спящей. $B$BТам верховный друид Кода Стальной Коготь и верные ей ученики исполняют свой священный долг, приглядывая за Изумрудным Сном.$b$bОтыщи в долине Стального Когтя одну из учениц, Рилиссу Медвежья Песнь, и расскажи ей о том, что творится в Роще Кенария.', '', '', '', '', '', 'Поговорите с Рилиссой Медвежья Песнь в долине Стального Когтя.', '25549');
INSERT INTO `quest_template_locale` (`ID`, `locale`, `LogTitle`, `LogDescription`, `QuestDescription`, `AreaDescription`, `PortraitGiverText`, `PortraitGiverName`, `PortraitTurnInText`, `PortraitTurnInName`, `QuestCompletionLog`, `VerifiedBuild`) VALUES ('3814200', 'esES', 'Archidruida de la Zarpa', 'Localiza el Valle Zarpacerada.', 'Cerca del extremo sur de nuestro bosque encontrarás el Túmulo del Durmiente.$b$bAllí, la archidruida Koda Zarpacerada y sus entregados discípulos cumplen con el deber sagrado de proteger el Sueño Esmeralda.$b$bBusca a la discípula Rylissa Cantodeoso en el Valle Zarpacerada e infórmala de la crisis en la Arboleda de Cenarius.', '', '', '', '', '', 'Habla con: Rylissa Cantodeoso. Zona: Valle Zarpacerada.', '25549');
INSERT INTO `quest_template_locale` (`ID`, `locale`, `LogTitle`, `LogDescription`, `QuestDescription`, `AreaDescription`, `PortraitGiverText`, `PortraitGiverName`, `PortraitTurnInText`, `PortraitTurnInName`, `QuestCompletionLog`, `VerifiedBuild`) VALUES ('3814200', 'esMX', 'Archidruida de la Zarpa', 'Encuentra el Valle garra de acero.', 'Cerca del linde sur de nuestro bosque encontrarás el Túmulo del Durmiente.$B$BAllí, la archidruida Koda Garra de Acero y sus discípulos fieles cumplen con su deber sagrado de observar el Sueño Esmeralda.$b$bEncuentra a la discípula Rylissa Canción de Oso en el Valle Garra de Acero y avísale de la crisis en la Arboleda de Cenarius.', '', '', '', '', '', 'Habla con Rylissa Canción de Oso en el Valle garra de acero.', '25549');
INSERT INTO `quest_template_locale` (`ID`, `locale`, `LogTitle`, `LogDescription`, `QuestDescription`, `AreaDescription`, `PortraitGiverText`, `PortraitGiverName`, `PortraitTurnInText`, `PortraitTurnInName`, `QuestCompletionLog`, `VerifiedBuild`) VALUES ('3814200', 'frFR', 'L’archidruidesse de la Griffe', 'Trouvez le Val Griffe-d’Acier.', 'Près de l’extrémité sud de notre forêt, vous trouverez le tertre du Dormeur.$b$bC’est là que l’archidruidesse Koda Griffe-d’Acier et ses fidèles disciples accomplissent leur mission sacrée en observant le Rêve d’émeraude.$b$bRetrouvez la disciple Rylissa Chantelours et faites-lui part de la crise à laquelle nous devons faire face dans le bosquet de Cénarius.', '', '', '', '', '', 'Parlez à Rylissa Chantelours dans le Val Griffe-d’Acier.', '26365');

INSERT INTO `quest_template` (`ID`, `QuestType`, `QuestLevel`, `MaxScalingLevel`, `QuestPackageID`, `MinLevel`, `QuestSortID`, `QuestInfoID`, `SuggestedGroupNum`, `RewardNextQuest`, `RewardXPDifficulty`, `RewardXPMultiplier`, `RewardMoney`, `RewardMoneyDifficulty`, `RewardMoneyMultiplier`, `RewardBonusMoney`, `RewardDisplaySpell1`, `RewardDisplaySpell2`, `RewardDisplaySpell3`, `RewardSpell`, `RewardHonor`, `RewardKillHonor`, `StartItem`, `RewardArtifactXPDifficulty`, `RewardArtifactXPMultiplier`, `RewardArtifactCategoryID`, `Flags`, `FlagsEx`, `RewardItem1`, `RewardAmount1`, `RewardItem2`, `RewardAmount2`, `RewardItem3`, `RewardAmount3`, `RewardItem4`, `RewardAmount4`, `ItemDrop1`, `ItemDropQuantity1`, `ItemDrop2`, `ItemDropQuantity2`, `ItemDrop3`, `ItemDropQuantity3`, `ItemDrop4`, `ItemDropQuantity4`, `RewardChoiceItemID1`, `RewardChoiceItemQuantity1`, `RewardChoiceItemDisplayID1`, `RewardChoiceItemID2`, `RewardChoiceItemQuantity2`, `RewardChoiceItemDisplayID2`, `RewardChoiceItemID3`, `RewardChoiceItemQuantity3`, `RewardChoiceItemDisplayID3`, `RewardChoiceItemID4`, `RewardChoiceItemQuantity4`, `RewardChoiceItemDisplayID4`, `RewardChoiceItemID5`, `RewardChoiceItemQuantity5`, `RewardChoiceItemDisplayID5`, `RewardChoiceItemID6`, `RewardChoiceItemQuantity6`, `RewardChoiceItemDisplayID6`, `POIContinent`, `POIx`, `POIy`, `POIPriority`, `RewardTitle`, `RewardArenaPoints`, `RewardSkillLineID`, `RewardNumSkillUps`, `PortraitGiver`, `PortraitTurnIn`, `RewardFactionID1`, `RewardFactionValue1`, `RewardFactionOverride1`, `RewardFactionCapIn1`, `RewardFactionID2`, `RewardFactionValue2`, `RewardFactionOverride2`, `RewardFactionCapIn2`, `RewardFactionID3`, `RewardFactionValue3`, `RewardFactionOverride3`, `RewardFactionCapIn3`, `RewardFactionID4`, `RewardFactionValue4`, `RewardFactionOverride4`, `RewardFactionCapIn4`, `RewardFactionID5`, `RewardFactionValue5`, `RewardFactionOverride5`, `RewardFactionCapIn5`, `RewardFactionFlags`, `RewardCurrencyID1`, `RewardCurrencyQty1`, `RewardCurrencyID2`, `RewardCurrencyQty2`, `RewardCurrencyID3`, `RewardCurrencyQty3`, `RewardCurrencyID4`, `RewardCurrencyQty4`, `AcceptedSoundKitID`, `CompleteSoundKitID`, `AreaGroupID`, `TimeAllowed`, `AllowableRaces`, `QuestRewardID`, `Expansion`, `LogTitle`, `LogDescription`, `QuestDescription`, `AreaDescription`, `PortraitGiverText`, `PortraitGiverName`, `PortraitTurnInText`, `PortraitTurnInName`, `QuestCompletionLog`, `VerifiedBuild`) VALUES ('3814200', '2', '-1', '255', '0', '98', '7558', '0', '0', '0', '1', '1', '5', '1', '1', '0', '0', '0', '0', '0', '0', '0', '0', '0', '1', '0', '33554440', '0', '0', '0', '0', '0', '0', '0', '0', '0', '0', '0', '0', '0', '0', '0', '0', '0', '0', '0', '0', '0', '0', '0', '0', '0', '0', '0', '0', '0', '0', '0', '0', '0', '0', '0', '0', '0', '0', '0', '0', '0', '0', '0', '0', '0', '1883', '1', '0', '7', '0', '0', '0', '7', '0', '0', '0', '7', '0', '0', '0', '7', '0', '0', '0', '7', '0', '0', '0', '0', '0', '0', '0', '0', '0', '890', '878', '0', '0', '18446744073709551615', '0', '6', 'Archdruid of the Claw', 'Locate Steelclaw Vale.', 'Near the southern edge of our forest you will find Sleeper\'s Barrow.$B$BThere, Archdruid Koda Steelclaw and her dedicated disciples carry out their sacred duty to observe the Emerald Dream.$b$bFind disciple Rylissa Bearsong in Steelclaw Vale and notify her of the crisis in the Grove of Cenarius.', '', '', '', '', '', 'Speak to Rylissa Bearsong at Steelclaw Vale.', '0');


--- fix quest 40122
DELETE FROM creature_queststarter WHERE quest IN (40122);
UPDATE `creature_template` SET `entry`='91462', `difficulty_entry_1`='0', `difficulty_entry_2`='0', `difficulty_entry_3`='0', `KillCredit1`='999910', `KillCredit2`='0', `modelid1`='35095', `modelid2`='0', `modelid3`='0', `modelid4`='0', `name`='Malfurion Stormrage', `femaleName`='', `subname`='', `TitleAlt`=NULL, `IconName`=NULL, `gossip_menu_id`='0', `minlevel`='110', `maxlevel`='110', `HealthScalingExpansion`='6', `RequiredExpansion`='0', `VignetteID`='0', `faction`='35', `npcflag`='3', `speed_walk`='1', `speed_run`='1.14286', `scale`='1', `rank`='1', `dmgschool`='0', `BaseAttackTime`='2000', `RangeAttackTime`='2000', `BaseVariance`='1', `RangeVariance`='1', `unit_class`='2', `unit_flags`='33600', `unit_flags2`='2099200', `unit_flags3`='0', `dynamicflags`='0', `family`='0', `trainer_type`='0', `trainer_class`='0', `trainer_race`='0', `type`='7', `type_flags`='134217732', `type_flags2`='0', `lootid`='0', `pickpocketloot`='0', `skinloot`='0', `resistance1`='0', `resistance2`='0', `resistance3`='0', `resistance4`='0', `resistance5`='0', `resistance6`='0', `spell1`='0', `spell2`='0', `spell3`='0', `spell4`='0', `spell5`='0', `spell6`='0', `spell7`='0', `spell8`='0', `VehicleId`='0', `mingold`='0', `maxgold`='0', `AIName`='SmartAI', `MovementType`='0', `InhabitType`='3', `HoverHeight`='1', `HealthModifier`='1250', `HealthModifierExtra`='1', `ManaModifier`='225', `ManaModifierExtra`='1', `ArmorModifier`='1', `DamageModifier`='1', `ExperienceModifier`='1', `RacialLeader`='0', `movementId`='0', `RegenHealth`='1', `mechanic_immune_mask`='0', `flags_extra`='0', `ScriptName`='', `VerifiedBuild`='25996' WHERE (`entry`='91462');
INSERT INTO `creature_template` (`entry`, `difficulty_entry_1`, `difficulty_entry_2`, `difficulty_entry_3`, `KillCredit1`, `KillCredit2`, `modelid1`, `modelid2`, `modelid3`, `modelid4`, `name`, `femaleName`, `subname`, `TitleAlt`, `IconName`, `gossip_menu_id`, `minlevel`, `maxlevel`, `HealthScalingExpansion`, `RequiredExpansion`, `VignetteID`, `faction`, `npcflag`, `speed_walk`, `speed_run`, `scale`, `rank`, `dmgschool`, `BaseAttackTime`, `RangeAttackTime`, `BaseVariance`, `RangeVariance`, `unit_class`, `unit_flags`, `unit_flags2`, `unit_flags3`, `dynamicflags`, `family`, `trainer_type`, `trainer_class`, `trainer_race`, `type`, `type_flags`, `type_flags2`, `lootid`, `pickpocketloot`, `skinloot`, `resistance1`, `resistance2`, `resistance3`, `resistance4`, `resistance5`, `resistance6`, `spell1`, `spell2`, `spell3`, `spell4`, `spell5`, `spell6`, `spell7`, `spell8`, `VehicleId`, `mingold`, `maxgold`, `AIName`, `MovementType`, `InhabitType`, `HoverHeight`, `HealthModifier`, `HealthModifierExtra`, `ManaModifier`, `ManaModifierExtra`, `ArmorModifier`, `DamageModifier`, `ExperienceModifier`, `RacialLeader`, `movementId`, `RegenHealth`, `mechanic_immune_mask`, `flags_extra`, `ScriptName`, `VerifiedBuild`) VALUES ('999910', '0', '0', '0', '0', '0', '1126', '0', '0', '0', 'kill credit', NULL, NULL, NULL, NULL, '0', '1', '1', '0', '0', '0', '35', '0', '1', '1.14286', '1', '0', '0', '0', '0', '1', '1', '1', '0', '0', '0', '0', '0', '0', '0', '0', '0', '0', '0', '0', '0', '0', '0', '0', '0', '0', '0', '0', '0', '0', '0', '0', '0', '0', '0', '0', '0', '0', '0', '', '0', '3', '1', '1', '1', '1', '1', '1', '1', '1', '0', '0', '1', '0', '0', '', '0');

INSERT INTO `smart_scripts` (`entryorguid`, `source_type`, `id`, `link`, `event_type`, `event_phase_mask`, `event_chance`, `event_flags`, `event_param1`, `event_param2`, `event_param3`, `event_param4`, `event_param_string`, `action_type`, `action_param1`, `action_param2`, `action_param3`, `action_param4`, `action_param5`, `action_param6`, `target_type`, `target_param1`, `target_param2`, `target_param3`, `target_x`, `target_y`, `target_z`, `target_o`, `comment`) VALUES ('91462', '0', '0', '0', '64', '0', '100', '0', '0', '0', '0', '0', '', '33', '999910', '0', '0', '0', '0', '0', '7', '0', '0', '0', '0', '0', '0', '0', 'еуые');

UPDATE `quest_objectives` SET `ID`='280339', `QuestID`='4012200', `Type`='0', `Order`='0', `StorageIndex`='0', `ObjectID`='999910', `Amount`='1', `Flags`='0', `Flags2`='0', `ProgressBarWeight`='0', `Description`='Speak to Malfurion', `VerifiedBuild`='25996' WHERE (`ID`='280339');

INSERT INTO `creature_questender` (`id`, `quest`) VALUES ('91109', '4012200');
INSERT INTO `creature_queststarter` (`id`, `quest`) VALUES ('91462', '4012200');

INSERT INTO `quest_poi` (`QuestID`, `BlobIndex`, `Idx1`, `ObjectiveIndex`, `QuestObjectiveID`, `QuestObjectID`, `MapID`, `WorldMapAreaId`, `Floor`, `Priority`, `Flags`, `WorldEffectID`, `PlayerConditionID`, `WoDUnk1`, `AlwaysAllowMergingBlobs`, `VerifiedBuild`) VALUES ('4012200', '0', '2', '32', '0', '0', '1220', '1018', '0', '0', '0', '0', '0', '1002258', '0', '22908');
INSERT INTO `quest_poi` (`QuestID`, `BlobIndex`, `Idx1`, `ObjectiveIndex`, `QuestObjectiveID`, `QuestObjectID`, `MapID`, `WorldMapAreaId`, `Floor`, `Priority`, `Flags`, `WorldEffectID`, `PlayerConditionID`, `WoDUnk1`, `AlwaysAllowMergingBlobs`, `VerifiedBuild`) VALUES ('4012200', '0', '1', '0', '280339', '91461', '1220', '1018', '0', '0', '0', '0', '0', '1002258', '0', '22908');
INSERT INTO `quest_poi` (`QuestID`, `BlobIndex`, `Idx1`, `ObjectiveIndex`, `QuestObjectiveID`, `QuestObjectID`, `MapID`, `WorldMapAreaId`, `Floor`, `Priority`, `Flags`, `WorldEffectID`, `PlayerConditionID`, `WoDUnk1`, `AlwaysAllowMergingBlobs`, `VerifiedBuild`) VALUES ('4012200', '0', '0', '-1', '0', '0', '1220', '1018', '0', '0', '0', '0', '0', '1002063', '0', '22908');
INSERT INTO `quest_poi_points` (`QuestID`, `Idx1`, `Idx2`, `X`, `Y`, `VerifiedBuild`) VALUES ('4012200', '2', '0', '2295', '6592', '22908');
INSERT INTO `quest_poi_points` (`QuestID`, `Idx1`, `Idx2`, `X`, `Y`, `VerifiedBuild`) VALUES ('4012200', '1', '0', '2289', '6593', '22908');
INSERT INTO `quest_poi_points` (`QuestID`, `Idx1`, `Idx2`, `X`, `Y`, `VerifiedBuild`) VALUES ('4012200', '0', '0', '2611', '6745', '22908');

INSERT INTO `quest_template_locale` (`ID`, `locale`, `LogTitle`, `LogDescription`, `QuestDescription`, `AreaDescription`, `PortraitGiverText`, `PortraitGiverName`, `PortraitTurnInText`, `PortraitTurnInName`, `QuestCompletionLog`, `VerifiedBuild`) VALUES ('4012200', 'frFR', 'Cénarius, gardien du Bosquet', 'Parlez à Malfurion Hurlorage à Lorlathil, en Val’sharah.', 'Ah, Val’sharah.$b$bCela fait une éternité que je n’ai pas mis les pieds dans ces bois sacrés. Ils me manquaient…$b$bLe travail que nous avons à accomplir ici est fort simple, $c. Nous devons faire appel à mon mentor, Cénarius, afin d’apprendre où se trouvent les Larmes d’Élune. Grâce à elles, nous aurons de meilleures chances de sceller la tombe de Sargeras et de tenir la Légion en échec.$b$bDe nombreuses tâches difficiles vous attendent. Considérez votre passage en ce lieu comme un bref répit.$b$bVenez, ce ne sera pas long.', '', '', '', '', '', '', '26365');
INSERT INTO `quest_template_locale` (`ID`, `locale`, `LogTitle`, `LogDescription`, `QuestDescription`, `AreaDescription`, `PortraitGiverText`, `PortraitGiverName`, `PortraitTurnInText`, `PortraitTurnInName`, `QuestCompletionLog`, `VerifiedBuild`) VALUES ('4012200', 'deDE', 'Cenarius, Hüter des Hains', 'Sprecht mit Malfurion Sturmgrimm in Lorlathil in Val\'sharah.', 'Ahh, Val\'sharah.$b$bEs ist schon lange her, dass ich einen Fuß in diese heiligen Wälder gesetzt habe. Viel zu lange...$b$bUnsere Aufgabe hier ist einfach, $C. Wir müssen meinen Mentor, Cenarius, rufen und herausfinden, wo er die Tränen von Elune verwahrt. Sie werden Euch unserem Ziel näherbringen, Sargeras\' Grab zu versiegeln und die Legion aufzuhalten.$b$bAuf Euch warten schwere Prüfungen. Euer Aufenthalt hier ist lediglich eine Atempause von kurzer Dauer.$b$bKommt, das wird nicht viel Zeit in Anspruch nehmen.', '', '', '', '', '', '', '25549');
INSERT INTO `quest_template_locale` (`ID`, `locale`, `LogTitle`, `LogDescription`, `QuestDescription`, `AreaDescription`, `PortraitGiverText`, `PortraitGiverName`, `PortraitTurnInText`, `PortraitTurnInName`, `QuestCompletionLog`, `VerifiedBuild`) VALUES ('4012200', 'itIT', 'Cenarius, Custode della Selva', 'Parla con Malfurion Grantempesta a Lorlathil nella regione di Val\'sharah.', 'Ah, Val\'sharah.$b$bSono passati anni da quando ho messo piede in questi sacri boschi. Troppi anni...$b$bIl nostro lavoro qui è molto semplice, $C. Dobbiamo convocare il mio mentore, Cenarius, e capire dove ha nascosto le Lacrime di Elune. Dopo averle recuperate, avremo una possibilità di sigillare la Tomba di Sargeras e fermare la Legione una volta per tutte.$b$bMolti compiti pericolosi ti attendono. Considera la tua visita qui una breve pausa.$b$bVieni, non ci metteremo molto.', '', '', '', '', '', '', '25549');
INSERT INTO `quest_template_locale` (`ID`, `locale`, `LogTitle`, `LogDescription`, `QuestDescription`, `AreaDescription`, `PortraitGiverText`, `PortraitGiverName`, `PortraitTurnInText`, `PortraitTurnInName`, `QuestCompletionLog`, `VerifiedBuild`) VALUES ('4012200', 'ptBR', 'Cenarius, o Guardião do Bosque', 'Fale com Malfurion Tempesfúria em Lorlathil, que fica em Val\'sharah.', 'Ah, Val\'sharah.$b$bHá tempos não ponho os pés nesta mata sagrada. Há eras...$b$bNosso trabalho é simples, $c. Temos que perguntar ao meu mentor, Cenarius, onde ele guarda as Lágrimas de Eluna. Com elas, você estará mais perto de selar a Tumba de Sargeras e derrotar a Legião.$b$bHá muitas provações à sua frente. Considere essa visita como um breve respiro.$b$bVenha, não vai tomar muito tempo.', '', '', '', '', '', '', '25549');
INSERT INTO `quest_template_locale` (`ID`, `locale`, `LogTitle`, `LogDescription`, `QuestDescription`, `AreaDescription`, `PortraitGiverText`, `PortraitGiverName`, `PortraitTurnInText`, `PortraitTurnInName`, `QuestCompletionLog`, `VerifiedBuild`) VALUES ('4012200', 'koKR', '숲의 수호자 세나리우스', '발샤라의 로르라실에 있는 말퓨리온 스톰레이지와 대화해야 합니다.', '아, 발샤라.$b$b내가 이 신성한 숲에 발을 들이는 것도 정말 오랜만이군. 너무 오랜만이야...$b$b여기서 해야 할 일은 간단하다, $c|1이여;여;. 세나리우스 스승님을 만나 엘룬의 눈물이 있는 곳을 알아내는 것이지. 그 유물이 있으면 살게라스의 무덤을 봉인하고 군단을 저지하는 목표에 한 걸음 더 다가갈 수 있다.$b$b그대는 앞으로 험난한 길을 헤쳐나가야 하니, 이곳에서 한숨 돌린다고 생각하면 되겠군.$b$b가자. 그리 오래 걸리지는 않을 것이다.', '', '', '', '', '', '', '25549');
INSERT INTO `quest_template_locale` (`ID`, `locale`, `LogTitle`, `LogDescription`, `QuestDescription`, `AreaDescription`, `PortraitGiverText`, `PortraitGiverName`, `PortraitTurnInText`, `PortraitTurnInName`, `QuestCompletionLog`, `VerifiedBuild`) VALUES ('4012200', 'zhCN', '森林守护者，塞纳留斯', '在瓦尔莎拉的洛拉希尔与玛法里奥·怒风谈一谈。', '啊，瓦尔莎拉。$b$b我上次踏入这片神圣的林地，已经是上个时代的事了。时光荏苒……$b$b这次的工作很简单，$c。我们需要拜访我的导师塞纳留斯，并询问他保管艾露恩之泪的位置。有了这件圣物，离封印萨格拉斯之墓并瓦解燃烧军团，就更近了一步。$b$b你以后会面对许多艰难险阻，不如在这里稍稍喘口气。$b$b来吧，这不需要花太久时间。', '', '', '', '', '', '', '25549');
INSERT INTO `quest_template_locale` (`ID`, `locale`, `LogTitle`, `LogDescription`, `QuestDescription`, `AreaDescription`, `PortraitGiverText`, `PortraitGiverName`, `PortraitTurnInText`, `PortraitTurnInName`, `QuestCompletionLog`, `VerifiedBuild`) VALUES ('4012200', 'zhTW', '森林守護者，塞納留斯', '在維爾薩拉的洛拉希爾與瑪法里恩‧怒風交談。', '啊，維爾薩拉。$b$b我上次踏進這片神聖的林地，已經是很久以前的事了。太久了…$b$b我們在這裡的工作非常簡單，$c。我們必須尋訪我的導師塞納留斯，並請教他保管伊露恩之淚的位置。有了伊露恩之淚，離封印薩格拉斯之墓和瓦解燃燒軍團，就又更進一步。$b$b在你面前的，還有無數危險至極的任務。你可以在這裡稍稍喘息。$b$b來吧，這不需要花太多時間。', '', '', '', '', '', '', '25549');
INSERT INTO `quest_template_locale` (`ID`, `locale`, `LogTitle`, `LogDescription`, `QuestDescription`, `AreaDescription`, `PortraitGiverText`, `PortraitGiverName`, `PortraitTurnInText`, `PortraitTurnInName`, `QuestCompletionLog`, `VerifiedBuild`) VALUES ('4012200', 'ruRU', 'Кенарий, Хранитель Рощи', 'Поговорите с Малфурионом Яростью Бури в Лорлатиле, что в Валь\'шаре.', 'Валь\'шара...$b$bКажется, целый век прошел с тех пор, как моя нога последний раз ступала по этому лесу. Это было так давно... $b$bНаша задача здесь проста, |3-6($c). Мы должны призвать Кенария, моего наставника, и выяснить, где он прячет Слезы Элуны. С ними мы еще на шаг приблизимся к нашей конечной цели – запечатать гробницу Саргераса и сорвать планы Легиона.$b$bТебе предстоит выполнить немало сложных и опасных поручений. Считай свое пребывание здесь небольшой передышкой.$b$bПойдем. Это не займет много времени.', '', '', '', '', '', '', '25549');
INSERT INTO `quest_template_locale` (`ID`, `locale`, `LogTitle`, `LogDescription`, `QuestDescription`, `AreaDescription`, `PortraitGiverText`, `PortraitGiverName`, `PortraitTurnInText`, `PortraitTurnInName`, `QuestCompletionLog`, `VerifiedBuild`) VALUES ('4012200', 'esES', 'Cenarius, vigilante de la arboleda', 'Habla con Malfurion Tempestira en Lorlathil, Val\'sharah.', 'Ah, Val\'sharah.$b$bHacía una eternidad que no pisaba este bosque sagrado. Demasiado tiempo...$b$bNuestro trabajo aquí es sencillo, $c. Debemos ver a mi mentor, Cenarius, y averiguar dónde guarda las Lágrimas de Elune. Con ellas estarás un poco más cerca de sellar la tumba de Sargeras y de frustrar los planes de la Legión.$b$bTe esperan muchas tareas peligrosas. Tómate esta visita como un breve respiro.$b$bVamos, no nos llevará mucho tiempo.', '', '', '', '', '', '', '25549');
INSERT INTO `quest_template_locale` (`ID`, `locale`, `LogTitle`, `LogDescription`, `QuestDescription`, `AreaDescription`, `PortraitGiverText`, `PortraitGiverName`, `PortraitTurnInText`, `PortraitTurnInName`, `QuestCompletionLog`, `VerifiedBuild`) VALUES ('4012200', 'esMX', 'Cenarius, protector de la arboleda', 'Habla con Malfurion Tempestira en Lorlathil, Val\'sharah.', 'Ahh, Val\'sharah.$b$bHa pasado mucho tiempo desde que pisé estos bosques sagrados. Demasiado tiempo...$b$bNuestro trabajo es simple, $c. Debemos invocar a mi mentor, Cenarius, y descubrir dónde guarda las Lágrimas de Elune. Con ellas, estaremos un paso más cerca de sellar la Tumba de Sargeras y frustrar los planes de la Legión.$b$bTe esperan muchas tareas peligrosas. Considera tu visita a este lugar como un descanso.$b$bVamos, esto no tomará mucho tiempo.', '', '', '', '', '', '', '25549');

INSERT INTO `quest_template` (`ID`, `QuestType`, `QuestLevel`, `MaxScalingLevel`, `QuestPackageID`, `MinLevel`, `QuestSortID`, `QuestInfoID`, `SuggestedGroupNum`, `RewardNextQuest`, `RewardXPDifficulty`, `RewardXPMultiplier`, `RewardMoney`, `RewardMoneyDifficulty`, `RewardMoneyMultiplier`, `RewardBonusMoney`, `RewardDisplaySpell1`, `RewardDisplaySpell2`, `RewardDisplaySpell3`, `RewardSpell`, `RewardHonor`, `RewardKillHonor`, `StartItem`, `RewardArtifactXPDifficulty`, `RewardArtifactXPMultiplier`, `RewardArtifactCategoryID`, `Flags`, `FlagsEx`, `RewardItem1`, `RewardAmount1`, `RewardItem2`, `RewardAmount2`, `RewardItem3`, `RewardAmount3`, `RewardItem4`, `RewardAmount4`, `ItemDrop1`, `ItemDropQuantity1`, `ItemDrop2`, `ItemDropQuantity2`, `ItemDrop3`, `ItemDropQuantity3`, `ItemDrop4`, `ItemDropQuantity4`, `RewardChoiceItemID1`, `RewardChoiceItemQuantity1`, `RewardChoiceItemDisplayID1`, `RewardChoiceItemID2`, `RewardChoiceItemQuantity2`, `RewardChoiceItemDisplayID2`, `RewardChoiceItemID3`, `RewardChoiceItemQuantity3`, `RewardChoiceItemDisplayID3`, `RewardChoiceItemID4`, `RewardChoiceItemQuantity4`, `RewardChoiceItemDisplayID4`, `RewardChoiceItemID5`, `RewardChoiceItemQuantity5`, `RewardChoiceItemDisplayID5`, `RewardChoiceItemID6`, `RewardChoiceItemQuantity6`, `RewardChoiceItemDisplayID6`, `POIContinent`, `POIx`, `POIy`, `POIPriority`, `RewardTitle`, `RewardArenaPoints`, `RewardSkillLineID`, `RewardNumSkillUps`, `PortraitGiver`, `PortraitTurnIn`, `RewardFactionID1`, `RewardFactionValue1`, `RewardFactionOverride1`, `RewardFactionCapIn1`, `RewardFactionID2`, `RewardFactionValue2`, `RewardFactionOverride2`, `RewardFactionCapIn2`, `RewardFactionID3`, `RewardFactionValue3`, `RewardFactionOverride3`, `RewardFactionCapIn3`, `RewardFactionID4`, `RewardFactionValue4`, `RewardFactionOverride4`, `RewardFactionCapIn4`, `RewardFactionID5`, `RewardFactionValue5`, `RewardFactionOverride5`, `RewardFactionCapIn5`, `RewardFactionFlags`, `RewardCurrencyID1`, `RewardCurrencyQty1`, `RewardCurrencyID2`, `RewardCurrencyQty2`, `RewardCurrencyID3`, `RewardCurrencyQty3`, `RewardCurrencyID4`, `RewardCurrencyQty4`, `AcceptedSoundKitID`, `CompleteSoundKitID`, `AreaGroupID`, `TimeAllowed`, `AllowableRaces`, `QuestRewardID`, `Expansion`, `LogTitle`, `LogDescription`, `QuestDescription`, `AreaDescription`, `PortraitGiverText`, `PortraitGiverName`, `PortraitTurnInText`, `PortraitTurnInName`, `QuestCompletionLog`, `VerifiedBuild`) VALUES ('4012200', '2', '-1', '255', '0', '98', '7558', '0', '0', '0', '1', '1', '5', '1', '1', '0', '0', '0', '0', '0', '0', '0', '0', '0', '1', '0', '574619648', '8192', '0', '0', '0', '0', '0', '0', '0', '0', '0', '0', '0', '0', '0', '0', '0', '0', '0', '0', '0', '0', '0', '0', '0', '0', '0', '0', '0', '0', '0', '0', '0', '0', '0', '0', '0', '0', '0', '0', '0', '0', '0', '0', '0', '0', '1883', '1', '0', '7', '0', '0', '0', '7', '0', '0', '0', '7', '0', '0', '0', '7', '0', '0', '0', '7', '0', '0', '0', '0', '0', '0', '0', '0', '0', '890', '878', '0', '0', '18446744073709551615', '0', '6', 'Cenarius, Keeper of the Grove', 'Speak to Malfurion Stormrage at Lorlathil in Val\'sharah.', 'Ahh, Val\'sharah.$b$bIt has been an age since I have set foot in these sacred woods. Too long...$b$bOur work here is simple, $c. We must call upon my mentor, Cenarius, and learn where he safeguards the Tears of Elune. With them, you will be one step closer to sealing Sargeras\' Tomb and thwarting the Legion.$b$bYou have many treacherous tasks in front of you. Consider your visit here a brief respite.$b$bCome, this will not take long.', '', '', '', '', '', '', '0');
